epoch,time,train/box_loss,train/pose_loss,train/kobj_loss,train/cls_loss,train/dfl_loss,metrics/precision(B),metrics/recall(B),metrics/mAP50(B),metrics/mAP50-95(B),metrics/precision(P),metrics/recall(P),metrics/mAP50(P),metrics/mAP50-95(P),val/box_loss,val/pose_loss,val/kobj_loss,val/cls_loss,val/dfl_loss,lr/pg0,lr/pg1,lr/pg2,lr/pg3,lr/pg4,lr/pg5,lr/pg6,lr/pg7
1,32.7571,1.50128,2.09901,0.82031,2.82082,1.40411,0.91388,0.79593,0.8849,0.73488,0.85386,0.9,0.90418,0.48029,0.73401,1.75082,0.64002,0.69659,0.91519,0.00196296,0.000654321,0.00196296,0.000654321,0.00196296,0.000654321,0.00196296,0.000654321
2,46.5346,0.80057,0.94905,0.55975,0.66626,0.95926,0.97031,0.9,0.98279,0.85819,0.97031,0.9,0.98279,0.83346,0.61026,0.62884,0.37657,0.43176,0.89023,0.00395315,0.00131772,0.00395315,0.00131772,0.00395315,0.00131772,0.00395315,0.00131772
3,59.9527,0.70745,0.38247,0.45852,0.53244,0.90746,0.96949,0.975,0.9928,0.87395,0.96949,0.975,0.9928,0.94155,0.60478,0.29186,0.2908,0.41746,0.88334,0.00593345,0.00197782,0.00593345,0.00197782,0.00593345,0.00197782,0.00593345,0.00197782
4,73.1495,0.71059,0.26411,0.40413,0.54028,0.91646,0.97558,0.99888,0.99207,0.86331,0.97558,0.99888,0.99207,0.98523,0.60195,0.20148,0.21407,0.40396,0.87289,0.00595545,0.00198515,0.00595545,0.00198515,0.00595545,0.00198515,0.00595545,0.00198515
5,86.44,0.66863,0.19718,0.34532,0.48015,0.89343,0.94706,1,0.99205,0.85323,0.94706,1,0.99205,0.97439,0.61429,0.18354,0.15853,0.40584,0.87029,0.0059406,0.0019802,0.0059406,0.0019802,0.0059406,0.0019802,0.0059406,0.0019802
6,99.4258,0.65811,0.16564,0.27694,0.44936,0.8894,0.97241,0.975,0.9928,0.86717,0.97241,0.975,0.9928,0.9839,0.57678,0.13527,0.13768,0.39707,0.85819,0.00592575,0.00197525,0.00592575,0.00197525,0.00592575,0.00197525,0.00592575,0.00197525
7,112.74,0.65435,0.15539,0.24705,0.44119,0.88424,0.9743,0.975,0.9936,0.87955,0.9743,0.975,0.9936,0.98387,0.52892,0.1455,0.11185,0.39598,0.86002,0.0059109,0.0019703,0.0059109,0.0019703,0.0059109,0.0019703,0.0059109,0.0019703
8,126.374,0.6213,0.13294,0.24137,0.43133,0.88176,0.95093,0.975,0.99114,0.86728,0.95093,0.975,0.99114,0.98959,0.57691,0.09456,0.10357,0.42902,0.88708,0.00589605,0.00196535,0.00589605,0.00196535,0.00589605,0.00196535,0.00589605,0.00196535
9,139.93,0.60859,0.1088,0.2212,0.41963,0.87245,0.99023,0.975,0.99278,0.8767,0.99023,0.975,0.99278,0.99278,0.56404,0.10716,0.08909,0.40128,0.87852,0.0058812,0.0019604,0.0058812,0.0019604,0.0058812,0.0019604,0.0058812,0.0019604
10,154.085,0.60252,0.10957,0.18769,0.42232,0.86533,0.99409,0.975,0.99405,0.87545,0.99409,0.975,0.99405,0.99405,0.56779,0.06081,0.07427,0.38802,0.88183,0.00586635,0.00195545,0.00586635,0.00195545,0.00586635,0.00195545,0.00586635,0.00195545
11,167.466,0.57626,0.10692,0.18567,0.40412,0.86593,0.99582,0.975,0.9936,0.86507,0.99582,0.975,0.9936,0.9932,0.57541,0.05134,0.06309,0.39482,0.87142,0.0058515,0.0019505,0.0058515,0.0019505,0.0058515,0.0019505,0.0058515,0.0019505
12,180.426,0.59155,0.08434,0.17557,0.40808,0.87348,0.99596,0.975,0.99202,0.88219,0.99596,0.975,0.99202,0.99202,0.51675,0.04978,0.05635,0.3881,0.86694,0.00583665,0.00194555,0.00583665,0.00194555,0.00583665,0.00194555,0.00583665,0.00194555
13,194.259,0.60695,0.08144,0.16742,0.40708,0.88009,1,0.9978,0.995,0.88998,1,0.9978,0.995,0.995,0.51936,0.04774,0.04716,0.35642,0.87623,0.0058218,0.0019406,0.0058218,0.0019406,0.0058218,0.0019406,0.0058218,0.0019406
14,207.66,0.59725,0.08952,0.13692,0.40198,0.86378,0.99682,0.975,0.99405,0.88379,0.99682,0.975,0.99405,0.99405,0.53941,0.03431,0.04841,0.35044,0.86981,0.00580695,0.00193565,0.00580695,0.00193565,0.00580695,0.00193565,0.00580695,0.00193565
15,220.683,0.5641,0.07735,0.11191,0.38563,0.86126,0.99714,0.975,0.99405,0.8845,0.99714,0.975,0.99405,0.99405,0.54841,0.03672,0.04721,0.3555,0.86314,0.0057921,0.0019307,0.0057921,0.0019307,0.0057921,0.0019307,0.0057921,0.0019307
16,233.692,0.56241,0.06534,0.12194,0.38318,0.86376,0.99406,0.975,0.99405,0.86849,0.99406,0.975,0.99405,0.99405,0.55409,0.04669,0.03523,0.38998,0.86786,0.00577725,0.00192575,0.00577725,0.00192575,0.00577725,0.00192575,0.00577725,0.00192575
17,246.655,0.5625,0.07701,0.0965,0.3771,0.86361,0.9888,0.975,0.99405,0.89391,0.9888,0.975,0.99405,0.99405,0.53422,0.04496,0.03226,0.36107,0.87085,0.0057624,0.0019208,0.0057624,0.0019208,0.0057624,0.0019208,0.0057624,0.0019208
18,260.689,0.56393,0.07664,0.10593,0.37783,0.86735,0.98422,0.975,0.9936,0.87776,0.98422,0.975,0.9936,0.9936,0.55127,0.051,0.03172,0.38808,0.8659,0.00574755,0.00191585,0.00574755,0.00191585,0.00574755,0.00191585,0.00574755,0.00191585
19,274.661,0.54246,0.07368,0.09431,0.37416,0.85744,0.97525,1,0.99451,0.8986,0.97525,1,0.99451,0.99451,0.51098,0.04425,0.02438,0.34414,0.8607,0.0057327,0.0019109,0.0057327,0.0019109,0.0057327,0.0019109,0.0057327,0.0019109
20,288.048,0.53736,0.06023,0.07018,0.35738,0.84389,0.97255,1,0.99451,0.90012,0.97255,1,0.99451,0.99321,0.51993,0.04951,0.02031,0.33562,0.86312,0.00571785,0.00190595,0.00571785,0.00190595,0.00571785,0.00190595,0.00571785,0.00190595
21,301.706,0.53624,0.05918,0.09214,0.36453,0.85545,0.97356,1,0.99451,0.89711,0.97356,1,0.99451,0.99203,0.52799,0.06561,0.02746,0.35108,0.86265,0.005703,0.001901,0.005703,0.001901,0.005703,0.001901,0.005703,0.001901
22,314.679,0.56773,0.06086,0.07854,0.362,0.86906,0.9739,1,0.99451,0.87907,0.9739,1,0.99451,0.99342,0.57031,0.05235,0.0189,0.35378,0.87459,0.00568815,0.00189605,0.00568815,0.00189605,0.00568815,0.00189605,0.00568815,0.00189605
23,328.02,0.54093,0.05562,0.07958,0.35441,0.85946,0.97405,1,0.99451,0.89364,0.97405,1,0.99451,0.99375,0.54455,0.05578,0.01611,0.34931,0.86948,0.0056733,0.0018911,0.0056733,0.0018911,0.0056733,0.0018911,0.0056733,0.0018911
24,340.741,0.56542,0.05707,0.09436,0.36511,0.88211,1,0.99663,0.995,0.88775,1,0.99663,0.995,0.99482,0.53363,0.04105,0.01879,0.32828,0.86171,0.00565845,0.00188615,0.00565845,0.00188615,0.00565845,0.00188615,0.00565845,0.00188615
25,353.789,0.53567,0.05445,0.07433,0.35503,0.85996,1,0.99781,0.995,0.90373,1,0.99781,0.995,0.995,0.51259,0.03581,0.02057,0.33119,0.85722,0.0056436,0.0018812,0.0056436,0.0018812,0.0056436,0.0018812,0.0056436,0.0018812
26,367.063,0.5142,0.05171,0.0749,0.3399,0.84397,0.99866,1,0.995,0.89297,0.99866,1,0.995,0.99478,0.5149,0.04289,0.01977,0.32982,0.85999,0.00562875,0.00187625,0.00562875,0.00187625,0.00562875,0.00187625,0.00562875,0.00187625
27,380.078,0.52081,0.05044,0.08163,0.35027,0.84712,0.99914,1,0.995,0.89266,0.99914,1,0.995,0.9949,0.51405,0.03448,0.03317,0.32636,0.85774,0.0056139,0.0018713,0.0056139,0.0018713,0.0056139,0.0018713,0.0056139,0.0018713
28,393.843,0.53267,0.04642,0.0537,0.3524,0.85676,0.9986,1,0.995,0.88742,0.9986,1,0.995,0.99495,0.53988,0.03851,0.01823,0.33868,0.86637,0.00559905,0.00186635,0.00559905,0.00186635,0.00559905,0.00186635,0.00559905,0.00186635
29,406.788,0.50751,0.05139,0.07239,0.33627,0.84322,0.99779,1,0.995,0.90832,0.99779,1,0.995,0.99486,0.51372,0.03493,0.01651,0.34064,0.86301,0.0055842,0.0018614,0.0055842,0.0018614,0.0055842,0.0018614,0.0055842,0.0018614
30,420.999,0.51936,0.06193,0.0641,0.34602,0.85904,0.99727,1,0.995,0.89989,0.99727,1,0.995,0.995,0.50671,0.02908,0.01752,0.32988,0.85405,0.00556935,0.00185645,0.00556935,0.00185645,0.00556935,0.00185645,0.00556935,0.00185645
31,434.87,0.51386,0.05214,0.05698,0.34179,0.83875,1,0.99888,0.995,0.91339,1,0.99888,0.995,0.995,0.48593,0.03267,0.01109,0.33403,0.8524,0.0055545,0.0018515,0.0055545,0.0018515,0.0055545,0.0018515,0.0055545,0.0018515
32,448.512,0.53084,0.05317,0.08169,0.33786,0.85625,0.94826,1,0.99405,0.9003,0.94826,1,0.99405,0.99405,0.48996,0.03021,0.01442,0.35738,0.86006,0.00553965,0.00184655,0.00553965,0.00184655,0.00553965,0.00184655,0.00553965,0.00184655
33,461.58,0.49812,0.0554,0.06029,0.33403,0.8468,0.97555,0.99741,0.99378,0.90896,0.97555,0.99741,0.99378,0.99378,0.51176,0.03288,0.00764,0.34084,0.86744,0.0055248,0.0018416,0.0055248,0.0018416,0.0055248,0.0018416,0.0055248,0.0018416
34,474.501,0.51406,0.04941,0.04978,0.34817,0.84504,0.97558,0.99898,0.99451,0.90158,0.97558,0.99898,0.99451,0.99451,0.50398,0.03593,0.00821,0.32794,0.86207,0.00550995,0.00183665,0.00550995,0.00183665,0.00550995,0.00183665,0.00550995,0.00183665
35,488.008,0.50004,0.04887,0.05508,0.33566,0.84863,0.97217,1,0.99451,0.90027,0.97217,1,0.99451,0.99423,0.49969,0.03396,0.00822,0.32507,0.86461,0.0054951,0.0018317,0.0054951,0.0018317,0.0054951,0.0018317,0.0054951,0.0018317
36,501.854,0.50351,0.04471,0.07592,0.33614,0.8529,0.99401,1,0.995,0.8919,0.99401,1,0.995,0.995,0.51414,0.0374,0.00799,0.34014,0.8648,0.00548025,0.00182675,0.00548025,0.00182675,0.00548025,0.00182675,0.00548025,0.00182675
37,514.805,0.50179,0.039,0.06536,0.35065,0.85068,0.99868,1,0.995,0.91517,0.99868,1,0.995,0.995,0.50334,0.02805,0.00884,0.30986,0.8623,0.0054654,0.0018218,0.0054654,0.0018218,0.0054654,0.0018218,0.0054654,0.0018218
38,528.094,0.48524,0.03829,0.05163,0.34955,0.85085,0.99826,1,0.995,0.90663,0.99826,1,0.995,0.995,0.51461,0.03315,0.01012,0.31711,0.86957,0.00545055,0.00181685,0.00545055,0.00181685,0.00545055,0.00181685,0.00545055,0.00181685
39,541.86,0.49023,0.04021,0.06801,0.34425,0.84756,0.99902,1,0.995,0.89428,0.99902,1,0.995,0.995,0.54024,0.03166,0.01495,0.31051,0.86878,0.0054357,0.0018119,0.0054357,0.0018119,0.0054357,0.0018119,0.0054357,0.0018119
40,554.865,0.49371,0.04849,0.05376,0.32902,0.85176,0.99902,1,0.995,0.90014,0.99902,1,0.995,0.995,0.49971,0.02324,0.01239,0.29968,0.86805,0.00542085,0.00180695,0.00542085,0.00180695,0.00542085,0.00180695,0.00542085,0.00180695
41,568.749,0.49503,0.03928,0.05902,0.33142,0.84426,1,0.99845,0.995,0.91607,1,0.99845,0.995,0.995,0.50135,0.02838,0.01266,0.31104,0.86011,0.005406,0.001802,0.005406,0.001802,0.005406,0.001802,0.005406,0.001802
42,582.902,0.48701,0.03764,0.06388,0.33437,0.84166,0.99675,0.975,0.99451,0.91175,0.99675,0.975,0.99451,0.99396,0.49673,0.03195,0.01936,0.31809,0.86,0.00539115,0.00179705,0.00539115,0.00179705,0.00539115,0.00179705,0.00539115,0.00179705
43,596.886,0.4747,0.02843,0.05207,0.3195,0.83754,0.97551,0.99587,0.99451,0.89861,0.97551,0.99587,0.99451,0.99451,0.51868,0.03645,0.01117,0.33185,0.86537,0.0053763,0.0017921,0.0053763,0.0017921,0.0053763,0.0017921,0.0053763,0.0017921
44,609.889,0.46224,0.0358,0.04342,0.31674,0.83435,0.97548,0.99479,0.99329,0.91094,0.97548,0.99479,0.99329,0.99294,0.51164,0.04469,0.00704,0.32996,0.87018,0.00536145,0.00178715,0.00536145,0.00178715,0.00536145,0.00178715,0.00536145,0.00178715
45,623.243,0.47913,0.03619,0.04015,0.32152,0.84446,0.95169,1,0.9933,0.91195,0.95169,1,0.9933,0.9933,0.49692,0.03477,0.00624,0.35684,0.86505,0.0053466,0.0017822,0.0053466,0.0017822,0.0053466,0.0017822,0.0053466,0.0017822
46,635.925,0.47007,0.03954,0.05292,0.32232,0.84048,0.98762,0.975,0.99405,0.8924,0.98762,0.975,0.99405,0.99405,0.50397,0.03117,0.00618,0.33374,0.86934,0.00533175,0.00177725,0.00533175,0.00177725,0.00533175,0.00177725,0.00533175,0.00177725
47,649.076,0.46791,0.03832,0.04075,0.31407,0.83028,0.97284,1,0.99451,0.88416,0.97284,1,0.99451,0.99451,0.4989,0.03378,0.01045,0.30097,0.87441,0.0053169,0.0017723,0.0053169,0.0017723,0.0053169,0.0017723,0.0053169,0.0017723
48,662.042,0.46814,0.03542,0.06068,0.32004,0.84809,1,0.99997,0.995,0.90456,1,0.99997,0.995,0.995,0.49887,0.0278,0.01111,0.29057,0.87313,0.00530205,0.00176735,0.00530205,0.00176735,0.00530205,0.00176735,0.00530205,0.00176735
49,674.978,0.47009,0.03544,0.04884,0.31694,0.8396,0.99857,1,0.995,0.89394,0.99857,1,0.995,0.995,0.49292,0.02738,0.01962,0.3001,0.87047,0.0052872,0.0017624,0.0052872,0.0017624,0.0052872,0.0017624,0.0052872,0.0017624
50,687.919,0.45857,0.02964,0.04447,0.31784,0.84321,0.97427,1,0.99451,0.89501,0.97427,1,0.99451,0.99451,0.50265,0.02589,0.01373,0.30679,0.86745,0.00527235,0.00175745,0.00527235,0.00175745,0.00527235,0.00175745,0.00527235,0.00175745
51,700.961,0.4559,0.0308,0.04805,0.31129,0.83774,1,0.99723,0.995,0.89324,1,0.99723,0.995,0.995,0.47866,0.02669,0.01117,0.29884,0.85751,0.0052575,0.0017525,0.0052575,0.0017525,0.0052575,0.0017525,0.0052575,0.0017525
52,714.284,0.48199,0.02975,0.05083,0.32416,0.83464,0.99784,1,0.995,0.89334,0.99784,1,0.995,0.995,0.48983,0.02687,0.00841,0.282,0.86523,0.00524265,0.00174755,0.00524265,0.00174755,0.00524265,0.00174755,0.00524265,0.00174755
53,727.747,0.46464,0.03147,0.04597,0.30911,0.8395,0.99793,1,0.995,0.91028,0.99793,1,0.995,0.995,0.49306,0.02617,0.02039,0.29569,0.87072,0.0052278,0.0017426,0.0052278,0.0017426,0.0052278,0.0017426,0.0052278,0.0017426
54,742.102,0.4831,0.03172,0.0523,0.31752,0.84866,0.99836,1,0.995,0.91056,0.99836,1,0.995,0.995,0.488,0.02367,0.01107,0.29586,0.87642,0.00521295,0.00173765,0.00521295,0.00173765,0.00521295,0.00173765,0.00521295,0.00173765
55,756.218,0.46164,0.0345,0.0399,0.31146,0.8394,0.99807,1,0.995,0.91305,0.99807,1,0.995,0.995,0.46216,0.02419,0.00315,0.27565,0.86869,0.0051981,0.0017327,0.0051981,0.0017327,0.0051981,0.0017327,0.0051981,0.0017327
56,770.124,0.46681,0.02763,0.0345,0.31106,0.8323,0.99781,1,0.995,0.91405,0.99781,1,0.995,0.995,0.47781,0.02875,0.00321,0.29089,0.86108,0.00518325,0.00172775,0.00518325,0.00172775,0.00518325,0.00172775,0.00518325,0.00172775
57,783.534,0.46188,0.03018,0.04125,0.31111,0.83843,0.99759,1,0.995,0.91503,0.99759,1,0.995,0.995,0.47815,0.02245,0.00389,0.31318,0.85872,0.0051684,0.0017228,0.0051684,0.0017228,0.0051684,0.0017228,0.0051684,0.0017228
58,797.549,0.45808,0.03466,0.05225,0.29918,0.84047,0.99565,1,0.995,0.90518,0.99565,1,0.995,0.995,0.47338,0.02163,0.00222,0.28782,0.86847,0.00515355,0.00171785,0.00515355,0.00171785,0.00515355,0.00171785,0.00515355,0.00171785
59,811.382,0.46746,0.02944,0.0558,0.31132,0.83269,0.99789,1,0.995,0.91314,0.99789,1,0.995,0.995,0.47608,0.02222,0.0036,0.29366,0.86301,0.0051387,0.0017129,0.0051387,0.0017129,0.0051387,0.0017129,0.0051387,0.0017129
60,824.353,0.45993,0.03142,0.04381,0.3099,0.84377,0.99785,1,0.995,0.91419,0.99785,1,0.995,0.995,0.46769,0.02247,0.00325,0.28455,0.86376,0.00512385,0.00170795,0.00512385,0.00170795,0.00512385,0.00170795,0.00512385,0.00170795
61,837.423,0.44751,0.02645,0.03472,0.29273,0.83938,0.99822,1,0.995,0.89652,0.99822,1,0.995,0.995,0.52509,0.02187,0.01857,0.30791,0.86732,0.005109,0.001703,0.005109,0.001703,0.005109,0.001703,0.005109,0.001703
62,850.381,0.44141,0.0257,0.03916,0.29297,0.83581,0.99672,1,0.995,0.91116,0.99672,1,0.995,0.995,0.48844,0.02175,0.02773,0.29292,0.86224,0.00509415,0.00169805,0.00509415,0.00169805,0.00509415,0.00169805,0.00509415,0.00169805
63,863.329,0.4775,0.03687,0.04515,0.31536,0.85198,0.99817,1,0.995,0.90894,0.99817,1,0.995,0.995,0.48476,0.0252,0.02048,0.29802,0.85783,0.0050793,0.0016931,0.0050793,0.0016931,0.0050793,0.0016931,0.0050793,0.0016931
64,876.291,0.4651,0.02747,0.03403,0.31335,0.83472,0.99812,1,0.995,0.91152,0.99812,1,0.995,0.995,0.47221,0.01968,0.00251,0.28615,0.8552,0.00506445,0.00168815,0.00506445,0.00168815,0.00506445,0.00168815,0.00506445,0.00168815
65,890.101,0.45288,0.03095,0.04692,0.30243,0.83,0.99859,1,0.995,0.91757,0.99859,1,0.995,0.995,0.47052,0.02038,0.00509,0.27956,0.85498,0.0050496,0.0016832,0.0050496,0.0016832,0.0050496,0.0016832,0.0050496,0.0016832
66,904.281,0.46112,0.03207,0.06104,0.31224,0.84475,0.99964,1,0.995,0.90467,0.99964,1,0.995,0.995,0.49718,0.02166,0.00879,0.29282,0.86632,0.00503475,0.00167825,0.00503475,0.00167825,0.00503475,0.00167825,0.00503475,0.00167825
67,918.496,0.43256,0.02594,0.03267,0.29731,0.83133,0.99857,1,0.995,0.90574,0.99857,1,0.995,0.995,0.48823,0.02005,0.01367,0.28792,0.86607,0.0050199,0.0016733,0.0050199,0.0016733,0.0050199,0.0016733,0.0050199,0.0016733
68,931.564,0.43987,0.02988,0.03769,0.3004,0.83567,0.99868,1,0.995,0.90838,0.99868,1,0.995,0.995,0.47837,0.02297,0.01757,0.29881,0.86006,0.00500505,0.00166835,0.00500505,0.00166835,0.00500505,0.00166835,0.00500505,0.00166835
69,945.402,0.43825,0.02807,0.03355,0.2976,0.83555,0.99865,1,0.995,0.92429,0.99865,1,0.995,0.995,0.45215,0.02114,0.01569,0.28272,0.84704,0.0049902,0.0016634,0.0049902,0.0016634,0.0049902,0.0016634,0.0049902,0.0016634
70,959.521,0.4575,0.02875,0.05045,0.30515,0.83219,0.99869,1,0.995,0.9249,0.99869,1,0.995,0.995,0.44807,0.01753,0.00547,0.27599,0.8483,0.00497535,0.00165845,0.00497535,0.00165845,0.00497535,0.00165845,0.00497535,0.00165845
71,973.283,0.4303,0.0265,0.03918,0.29368,0.82952,0.99864,1,0.995,0.91521,0.99864,1,0.995,0.995,0.46684,0.01558,0.00492,0.27034,0.85815,0.0049605,0.0016535,0.0049605,0.0016535,0.0049605,0.0016535,0.0049605,0.0016535
72,986.246,0.43894,0.02456,0.0459,0.29614,0.84219,0.99869,1,0.995,0.90787,0.99869,1,0.995,0.995,0.4773,0.01532,0.01032,0.28073,0.85605,0.00494565,0.00164855,0.00494565,0.00164855,0.00494565,0.00164855,0.00494565,0.00164855
73,999.189,0.42145,0.0215,0.03421,0.29556,0.83583,0.99874,1,0.995,0.9147,0.99874,1,0.995,0.995,0.48394,0.01527,0.01265,0.28038,0.86198,0.0049308,0.0016436,0.0049308,0.0016436,0.0049308,0.0016436,0.0049308,0.0016436
74,1012.18,0.42814,0.02403,0.03185,0.2912,0.83668,0.99849,1,0.995,0.91011,0.99849,1,0.995,0.995,0.48282,0.01937,0.00688,0.26671,0.8573,0.00491595,0.00163865,0.00491595,0.00163865,0.00491595,0.00163865,0.00491595,0.00163865
75,1025.14,0.43463,0.02799,0.03692,0.29558,0.82179,0.99845,1,0.995,0.91637,0.99845,1,0.995,0.995,0.46311,0.02445,0.00547,0.27794,0.85491,0.0049011,0.0016337,0.0049011,0.0016337,0.0049011,0.0016337,0.0049011,0.0016337
76,1038.42,0.42684,0.02584,0.04469,0.28901,0.82743,0.9985,1,0.995,0.90592,0.9985,1,0.995,0.995,0.46878,0.02309,0.00389,0.2866,0.84777,0.00488625,0.00162875,0.00488625,0.00162875,0.00488625,0.00162875,0.00488625,0.00162875
77,1052.16,0.42842,0.03041,0.04388,0.29281,0.84285,0.99753,1,0.995,0.90869,0.99753,1,0.995,0.995,0.47038,0.023,0.00342,0.27295,0.84947,0.0048714,0.0016238,0.0048714,0.0016238,0.0048714,0.0016238,0.0048714,0.0016238
78,1065.98,0.42519,0.02457,0.02904,0.28839,0.83436,0.99862,1,0.995,0.91262,0.99862,1,0.995,0.995,0.47123,0.02016,0.00474,0.26703,0.85674,0.00485655,0.00161885,0.00485655,0.00161885,0.00485655,0.00161885,0.00485655,0.00161885
79,1078.8,0.40235,0.02256,0.0405,0.28372,0.81856,0.9985,1,0.995,0.90456,0.9985,1,0.995,0.995,0.47008,0.02208,0.00554,0.2785,0.85796,0.0048417,0.0016139,0.0048417,0.0016139,0.0048417,0.0016139,0.0048417,0.0016139
80,1092.15,0.42646,0.03512,0.04841,0.2915,0.83781,0.99778,1,0.995,0.90676,0.99778,1,0.995,0.995,0.47764,0.02484,0.00368,0.27403,0.8679,0.00482685,0.00160895,0.00482685,0.00160895,0.00482685,0.00160895,0.00482685,0.00160895
81,1105.21,0.42924,0.02716,0.03708,0.29739,0.82284,0.99855,1,0.995,0.9145,0.99855,1,0.995,0.995,0.49362,0.02399,0.00414,0.29345,0.86861,0.004812,0.001604,0.004812,0.001604,0.004812,0.001604,0.004812,0.001604
82,1118.12,0.44943,0.02478,0.04279,0.30098,0.83377,0.99768,1,0.995,0.91706,0.99768,1,0.995,0.995,0.47762,0.02538,0.00431,0.26273,0.86425,0.00479715,0.00159905,0.00479715,0.00159905,0.00479715,0.00159905,0.00479715,0.00159905
83,1131.02,0.41955,0.02651,0.03933,0.29523,0.83207,0.99739,1,0.995,0.89776,0.99739,1,0.995,0.995,0.51707,0.02769,0.00794,0.28961,0.86675,0.0047823,0.0015941,0.0047823,0.0015941,0.0047823,0.0015941,0.0047823,0.0015941
84,1143.89,0.43026,0.02411,0.04456,0.29366,0.84196,1,0.99823,0.995,0.91725,1,0.99823,0.995,0.995,0.47206,0.02694,0.00979,0.29252,0.85878,0.00476745,0.00158915,0.00476745,0.00158915,0.00476745,0.00158915,0.00476745,0.00158915
85,1156.87,0.42595,0.02736,0.02955,0.29844,0.83893,0.99937,1,0.995,0.91108,0.99937,1,0.995,0.995,0.48566,0.02426,0.00904,0.28503,0.86417,0.0047526,0.0015842,0.0047526,0.0015842,0.0047526,0.0015842,0.0047526,0.0015842
86,1169.89,0.41891,0.02397,0.02284,0.29831,0.83151,0.99846,1,0.995,0.90324,0.99846,1,0.995,0.995,0.49268,0.0212,0.00936,0.28543,0.8712,0.00473775,0.00157925,0.00473775,0.00157925,0.00473775,0.00157925,0.00473775,0.00157925
87,1182.85,0.42989,0.02807,0.03029,0.30353,0.8293,0.99825,1,0.995,0.90977,0.99825,1,0.995,0.995,0.48262,0.01922,0.01244,0.29081,0.86989,0.0047229,0.0015743,0.0047229,0.0015743,0.0047229,0.0015743,0.0047229,0.0015743
88,1195.84,0.41174,0.0231,0.04849,0.28127,0.83136,0.99817,1,0.995,0.90355,0.99817,1,0.995,0.995,0.48917,0.01899,0.0153,0.2764,0.86035,0.00470805,0.00156935,0.00470805,0.00156935,0.00470805,0.00156935,0.00470805,0.00156935
89,1209.16,0.42344,0.02558,0.04575,0.29417,0.8347,0.99804,1,0.995,0.88885,0.99804,1,0.995,0.995,0.48552,0.02158,0.014,0.29018,0.86189,0.0046932,0.0015644,0.0046932,0.0015644,0.0046932,0.0015644,0.0046932,0.0015644
90,1221.97,0.41829,0.02373,0.03729,0.29145,0.83047,0.99676,1,0.995,0.90639,0.99676,1,0.995,0.995,0.48974,0.02487,0.01373,0.27408,0.86166,0.00467835,0.00155945,0.00467835,0.00155945,0.00467835,0.00155945,0.00467835,0.00155945
91,1234.91,0.4003,0.01924,0.0248,0.28029,0.83183,0.99723,1,0.995,0.91479,0.99723,1,0.995,0.995,0.4608,0.03009,0.00885,0.26228,0.85447,0.0046635,0.0015545,0.0046635,0.0015545,0.0046635,0.0015545,0.0046635,0.0015545
92,1247.99,0.40829,0.02359,0.033,0.27952,0.81659,1,0.99963,0.995,0.91325,1,0.99963,0.995,0.995,0.44172,0.02742,0.00979,0.2643,0.85824,0.00464865,0.00154955,0.00464865,0.00154955,0.00464865,0.00154955,0.00464865,0.00154955
93,1260.95,0.41274,0.02119,0.03739,0.28526,0.83504,0.99749,1,0.995,0.93415,0.99749,1,0.995,0.995,0.4358,0.02589,0.00701,0.27855,0.86018,0.0046338,0.0015446,0.0046338,0.0015446,0.0046338,0.0015446,0.0046338,0.0015446
94,1274.2,0.43636,0.03462,0.03572,0.30106,0.84574,0.99868,1,0.995,0.91968,0.99868,1,0.995,0.995,0.47005,0.02628,0.00474,0.26986,0.86292,0.00461895,0.00153965,0.00461895,0.00153965,0.00461895,0.00153965,0.00461895,0.00153965
95,1287.18,0.41112,0.01937,0.02487,0.27941,0.82736,0.99864,1,0.995,0.91786,0.99864,1,0.995,0.995,0.46253,0.0226,0.00371,0.27685,0.86241,0.0046041,0.0015347,0.0046041,0.0015347,0.0046041,0.0015347,0.0046041,0.0015347
96,1300.14,0.40394,0.02481,0.02639,0.27963,0.8322,0.9986,1,0.995,0.92435,0.9986,1,0.995,0.995,0.44432,0.02365,0.00655,0.28091,0.86216,0.00458925,0.00152975,0.00458925,0.00152975,0.00458925,0.00152975,0.00458925,0.00152975
97,1313.12,0.41124,0.02107,0.03838,0.27353,0.83132,0.99853,1,0.995,0.92332,0.99853,1,0.995,0.995,0.47573,0.01935,0.00531,0.27811,0.85581,0.0045744,0.0015248,0.0045744,0.0015248,0.0045744,0.0015248,0.0045744,0.0015248
98,1326.03,0.40208,0.02535,0.03927,0.27845,0.8195,0.99794,1,0.995,0.9248,0.99794,1,0.995,0.995,0.46552,0.01847,0.00398,0.2791,0.85273,0.00455955,0.00151985,0.00455955,0.00151985,0.00455955,0.00151985,0.00455955,0.00151985
99,1338.73,0.39286,0.01961,0.02964,0.26796,0.83206,1,0.99663,0.995,0.91066,1,0.99663,0.995,0.995,0.44886,0.02221,0.01328,0.28427,0.85946,0.0045447,0.0015149,0.0045447,0.0015149,0.0045447,0.0015149,0.0045447,0.0015149
100,1351.76,0.40282,0.01867,0.03495,0.27914,0.82956,1,0.99091,0.995,0.9053,1,0.99091,0.995,0.995,0.49188,0.01996,0.00612,0.29005,0.86697,0.00452985,0.00150995,0.00452985,0.00150995,0.00452985,0.00150995,0.00452985,0.00150995
101,1364.51,0.41123,0.02319,0.02373,0.27898,0.83243,0.99694,1,0.995,0.91417,0.99694,1,0.995,0.995,0.47479,0.01995,0.00148,0.27374,0.86194,0.004515,0.001505,0.004515,0.001505,0.004515,0.001505,0.004515,0.001505
102,1377.43,0.3994,0.02129,0.04747,0.27575,0.82953,0.99712,1,0.995,0.92872,0.99712,1,0.995,0.995,0.48166,0.0172,0.0018,0.27688,0.85317,0.00450015,0.00150005,0.00450015,0.00150005,0.00450015,0.00150005,0.00450015,0.00150005
103,1391.27,0.40964,0.02244,0.03538,0.28088,0.83884,0.99716,1,0.995,0.92233,0.99716,1,0.995,0.995,0.46546,0.01724,0.00221,0.27028,0.84623,0.0044853,0.0014951,0.0044853,0.0014951,0.0044853,0.0014951,0.0044853,0.0014951
104,1404.25,0.41158,0.02247,0.02593,0.28393,0.82257,1,0.99697,0.995,0.91595,1,0.99697,0.995,0.995,0.46998,0.01688,0.00303,0.26659,0.8548,0.00447045,0.00149015,0.00447045,0.00149015,0.00447045,0.00149015,0.00447045,0.00149015
105,1418.03,0.39103,0.01874,0.04794,0.27273,0.82807,1,0.99155,0.995,0.90184,1,0.99155,0.995,0.995,0.4837,0.01799,0.00206,0.27717,0.85459,0.0044556,0.0014852,0.0044556,0.0014852,0.0044556,0.0014852,0.0044556,0.0014852
106,1431.2,0.38288,0.02161,0.02452,0.26335,0.83284,0.9968,1,0.995,0.91081,0.9968,1,0.995,0.995,0.47993,0.01862,0.00215,0.26568,0.85517,0.00444075,0.00148025,0.00444075,0.00148025,0.00444075,0.00148025,0.00444075,0.00148025
107,1444.16,0.39348,0.02948,0.02784,0.2692,0.82597,0.99485,1,0.995,0.91427,0.99485,1,0.995,0.995,0.47525,0.01802,0.00283,0.27543,0.85069,0.0044259,0.0014753,0.0044259,0.0014753,0.0044259,0.0014753,0.0044259,0.0014753
108,1457.9,0.38313,0.02079,0.03152,0.26924,0.82673,1,0.99836,0.995,0.91604,1,0.99836,0.995,0.995,0.46622,0.02002,0.00561,0.26684,0.84637,0.00441105,0.00147035,0.00441105,0.00147035,0.00441105,0.00147035,0.00441105,0.00147035
109,1470.84,0.38449,0.01863,0.03159,0.26754,0.83137,0.97404,1,0.99451,0.92198,0.97404,1,0.99451,0.99451,0.4604,0.02006,0.01972,0.26419,0.8453,0.0043962,0.0014654,0.0043962,0.0014654,0.0043962,0.0014654,0.0043962,0.0014654
110,1484.46,0.39385,0.02019,0.03052,0.26735,0.8082,0.9734,1,0.99451,0.92851,0.9734,1,0.99451,0.99451,0.47432,0.02001,0.02695,0.27403,0.85113,0.00438135,0.00146045,0.00438135,0.00146045,0.00438135,0.00146045,0.00438135,0.00146045
111,1498.59,0.39561,0.02902,0.01768,0.27541,0.82561,1,0.99968,0.995,0.92175,1,0.99968,0.995,0.995,0.48239,0.02101,0.0223,0.2862,0.85181,0.0043665,0.0014555,0.0043665,0.0014555,0.0043665,0.0014555,0.0043665,0.0014555
112,1511.32,0.39235,0.02523,0.03943,0.27789,0.82334,0.99885,1,0.995,0.92033,0.99885,1,0.995,0.995,0.48015,0.01708,0.01451,0.28202,0.84939,0.00435165,0.00145055,0.00435165,0.00145055,0.00435165,0.00145055,0.00435165,0.00145055
113,1524.34,0.39195,0.01979,0.03543,0.2673,0.82314,0.99867,1,0.995,0.91472,0.99867,1,0.995,0.995,0.48515,0.01856,0.01174,0.27988,0.8424,0.0043368,0.0014456,0.0043368,0.0014456,0.0043368,0.0014456,0.0043368,0.0014456
114,1537.28,0.38861,0.02026,0.03369,0.27395,0.82933,0.99872,1,0.995,0.91976,0.99872,1,0.995,0.995,0.47872,0.0195,0.01851,0.26647,0.8503,0.00432195,0.00144065,0.00432195,0.00144065,0.00432195,0.00144065,0.00432195,0.00144065
115,1550.73,0.38249,0.02607,0.04234,0.26467,0.83071,0.99871,1,0.995,0.92173,0.99871,1,0.995,0.995,0.47644,0.02035,0.03186,0.27074,0.85599,0.0043071,0.0014357,0.0043071,0.0014357,0.0043071,0.0014357,0.0043071,0.0014357
116,1564.53,0.39103,0.02112,0.02083,0.26831,0.8187,0.99888,1,0.995,0.9147,0.99888,1,0.995,0.995,0.4932,0.01691,0.01585,0.27217,0.85589,0.00429225,0.00143075,0.00429225,0.00143075,0.00429225,0.00143075,0.00429225,0.00143075
117,1577.6,0.39675,0.02143,0.04138,0.27154,0.82063,0.9989,1,0.995,0.91788,0.9989,1,0.995,0.995,0.49054,0.01767,0.011,0.27296,0.85316,0.0042774,0.0014258,0.0042774,0.0014258,0.0042774,0.0014258,0.0042774,0.0014258
118,1590.58,0.39264,0.01684,0.03091,0.26712,0.82222,0.99873,1,0.995,0.90833,0.99873,1,0.995,0.995,0.49779,0.01559,0.00442,0.27517,0.85119,0.00426255,0.00142085,0.00426255,0.00142085,0.00426255,0.00142085,0.00426255,0.00142085
119,1604.53,0.39008,0.02298,0.03025,0.2656,0.82072,0.99835,1,0.995,0.91625,0.99835,1,0.995,0.995,0.47153,0.01521,0.00176,0.27645,0.84653,0.0042477,0.0014159,0.0042477,0.0014159,0.0042477,0.0014159,0.0042477,0.0014159
120,1618.41,0.36842,0.0196,0.02137,0.25595,0.82325,0.99754,1,0.995,0.91477,0.99754,1,0.995,0.995,0.48093,0.01464,0.00176,0.27075,0.84202,0.00423285,0.00141095,0.00423285,0.00141095,0.00423285,0.00141095,0.00423285,0.00141095
121,1631.45,0.37184,0.01731,0.02854,0.25675,0.81422,0.99728,1,0.995,0.9283,0.99728,1,0.995,0.995,0.47715,0.01393,0.00207,0.26162,0.84578,0.004218,0.001406,0.004218,0.001406,0.004218,0.001406,0.004218,0.001406
122,1644.44,0.38943,0.0252,0.03412,0.26763,0.82812,0.99819,1,0.995,0.92195,0.99819,1,0.995,0.995,0.49175,0.01379,0.00237,0.27078,0.84766,0.00420315,0.00140105,0.00420315,0.00140105,0.00420315,0.00140105,0.00420315,0.00140105
123,1657.17,0.37522,0.01855,0.02392,0.25719,0.82554,0.99856,1,0.995,0.90981,0.99856,1,0.995,0.995,0.4868,0.01308,0.00216,0.26247,0.8503,0.0041883,0.0013961,0.0041883,0.0013961,0.0041883,0.0013961,0.0041883,0.0013961
124,1670.15,0.37007,0.01893,0.03116,0.25853,0.82047,0.99864,1,0.995,0.91557,0.99864,1,0.995,0.995,0.50165,0.0135,0.00127,0.2699,0.85592,0.00417345,0.00139115,0.00417345,0.00139115,0.00417345,0.00139115,0.00417345,0.00139115
125,1683.35,0.37666,0.02113,0.04517,0.26447,0.82353,0.99861,1,0.995,0.9086,0.99861,1,0.995,0.995,0.49367,0.01347,0.00132,0.2614,0.85751,0.0041586,0.0013862,0.0041586,0.0013862,0.0041586,0.0013862,0.0041586,0.0013862
126,1696.34,0.37951,0.02119,0.02731,0.2649,0.83028,0.99857,1,0.995,0.91365,0.99857,1,0.995,0.995,0.47907,0.01821,0.00154,0.2695,0.8598,0.00414375,0.00138125,0.00414375,0.00138125,0.00414375,0.00138125,0.00414375,0.00138125
127,1709.6,0.36339,0.01827,0.02828,0.25809,0.81831,0.99869,1,0.995,0.9222,0.99869,1,0.995,0.995,0.46799,0.01745,0.00424,0.28212,0.86045,0.0041289,0.0013763,0.0041289,0.0013763,0.0041289,0.0013763,0.0041289,0.0013763
128,1722.95,0.39059,0.02047,0.02421,0.27147,0.82756,0.99832,1,0.995,0.92334,0.99832,1,0.995,0.995,0.46561,0.01637,0.00464,0.27544,0.85715,0.00411405,0.00137135,0.00411405,0.00137135,0.00411405,0.00137135,0.00411405,0.00137135
129,1736.42,0.3681,0.01789,0.02898,0.25691,0.8191,0.99842,1,0.995,0.93016,0.99842,1,0.995,0.995,0.46061,0.01515,0.00446,0.27037,0.85527,0.0040992,0.0013664,0.0040992,0.0013664,0.0040992,0.0013664,0.0040992,0.0013664
130,1749.66,0.37554,0.02196,0.03923,0.25553,0.83767,0.99921,1,0.995,0.92701,0.99921,1,0.995,0.995,0.45386,0.01271,0.00254,0.26319,0.85448,0.00408435,0.00136145,0.00408435,0.00136145,0.00408435,0.00136145,0.00408435,0.00136145
131,1762.71,0.35726,0.01704,0.0255,0.25113,0.82076,0.99856,1,0.995,0.92974,0.99856,1,0.995,0.995,0.44984,0.01476,0.00214,0.2879,0.85098,0.0040695,0.0013565,0.0040695,0.0013565,0.0040695,0.0013565,0.0040695,0.0013565
132,1775.67,0.38101,0.01886,0.02852,0.26291,0.82642,0.99861,1,0.995,0.9097,0.99861,1,0.995,0.995,0.44081,0.01659,0.00144,0.27097,0.84677,0.00405465,0.00135155,0.00405465,0.00135155,0.00405465,0.00135155,0.00405465,0.00135155
133,1788.9,0.37955,0.02438,0.02731,0.26457,0.82333,0.99866,1,0.995,0.91948,0.99866,1,0.995,0.995,0.45857,0.01485,0.00092,0.27041,0.85187,0.0040398,0.0013466,0.0040398,0.0013466,0.0040398,0.0013466,0.0040398,0.0013466
134,1801.54,0.36117,0.01645,0.0231,0.25577,0.81661,0.99872,1,0.995,0.91446,0.99872,1,0.995,0.995,0.46765,0.01452,0.00098,0.27488,0.85088,0.00402495,0.00134165,0.00402495,0.00134165,0.00402495,0.00134165,0.00402495,0.00134165
135,1814.41,0.37303,0.02931,0.03879,0.2571,0.8153,0.99864,1,0.995,0.92338,0.99864,1,0.995,0.995,0.46745,0.01439,0.0014,0.27221,0.85244,0.0040101,0.0013367,0.0040101,0.0013367,0.0040101,0.0013367,0.0040101,0.0013367
136,1827.35,0.37247,0.01807,0.02676,0.25426,0.82626,0.99836,1,0.995,0.92175,0.99836,1,0.995,0.995,0.47361,0.01718,0.00185,0.267,0.85004,0.00399525,0.00133175,0.00399525,0.00133175,0.00399525,0.00133175,0.00399525,0.00133175
137,1840.31,0.36568,0.01871,0.02295,0.25989,0.80133,0.99823,1,0.995,0.92705,0.99823,1,0.995,0.995,0.47241,0.01884,0.0016,0.27109,0.86093,0.0039804,0.0013268,0.0039804,0.0013268,0.0039804,0.0013268,0.0039804,0.0013268
138,1853.27,0.37992,0.01759,0.03499,0.25174,0.82624,0.99785,1,0.995,0.92662,0.99785,1,0.995,0.995,0.46983,0.01952,0.00207,0.26823,0.85971,0.00396555,0.00132185,0.00396555,0.00132185,0.00396555,0.00132185,0.00396555,0.00132185
139,1866.2,0.35387,0.02169,0.04371,0.25058,0.81712,0.99764,1,0.995,0.91507,0.99764,1,0.995,0.995,0.47842,0.01731,0.00391,0.28382,0.85412,0.0039507,0.0013169,0.0039507,0.0013169,0.0039507,0.0013169,0.0039507,0.0013169
140,1879.19,0.37354,0.02208,0.03212,0.25673,0.82424,0.99795,1,0.995,0.92339,0.99795,1,0.995,0.995,0.46251,0.01475,0.00308,0.27504,0.8585,0.00393585,0.00131195,0.00393585,0.00131195,0.00393585,0.00131195,0.00393585,0.00131195
141,1892.46,0.35518,0.0168,0.02896,0.25277,0.81984,0.99819,1,0.995,0.91821,0.99819,1,0.995,0.995,0.45177,0.01287,0.00242,0.26271,0.85444,0.003921,0.001307,0.003921,0.001307,0.003921,0.001307,0.003921,0.001307
142,1905.45,0.362,0.01647,0.02055,0.25002,0.80907,0.99807,1,0.995,0.90649,0.99807,1,0.995,0.995,0.4714,0.01296,0.00239,0.25347,0.84929,0.00390615,0.00130205,0.00390615,0.00130205,0.00390615,0.00130205,0.00390615,0.00130205
143,1919.32,0.36377,0.01506,0.02183,0.24627,0.80835,0.99612,1,0.995,0.91533,0.99612,1,0.995,0.995,0.44257,0.01367,0.00301,0.25375,0.8471,0.0038913,0.0012971,0.0038913,0.0012971,0.0038913,0.0012971,0.0038913,0.0012971
144,1932.36,0.34912,0.01536,0.03339,0.24984,0.81458,0.99462,1,0.995,0.91493,0.99462,1,0.995,0.995,0.44957,0.01661,0.00496,0.25,0.84596,0.00387645,0.00129215,0.00387645,0.00129215,0.00387645,0.00129215,0.00387645,0.00129215
145,1945.14,0.37291,0.01694,0.02267,0.26328,0.81901,0.99384,1,0.995,0.92436,0.99384,1,0.995,0.995,0.44456,0.01686,0.00323,0.24666,0.84543,0.0038616,0.0012872,0.0038616,0.0012872,0.0038616,0.0012872,0.0038616,0.0012872
146,1958.8,0.37867,0.01813,0.02625,0.25943,0.82745,0.99516,1,0.995,0.91723,0.99516,1,0.995,0.995,0.44714,0.01722,0.00399,0.26432,0.84897,0.00384675,0.00128225,0.00384675,0.00128225,0.00384675,0.00128225,0.00384675,0.00128225
147,1972.11,0.3727,0.01838,0.04042,0.25164,0.81715,0.99552,1,0.995,0.91201,0.99552,1,0.995,0.995,0.48275,0.02102,0.00407,0.28115,0.85608,0.0038319,0.0012773,0.0038319,0.0012773,0.0038319,0.0012773,0.0038319,0.0012773
148,1985.93,0.35887,0.01635,0.0299,0.25384,0.81387,0.9978,1,0.995,0.92046,0.9978,1,0.995,0.995,0.47792,0.01893,0.00615,0.26775,0.85528,0.00381705,0.00127235,0.00381705,0.00127235,0.00381705,0.00127235,0.00381705,0.00127235
149,1999.84,0.35312,0.01499,0.04407,0.25036,0.81689,0.99837,1,0.995,0.92074,0.99837,1,0.995,0.995,0.47228,0.01657,0.00527,0.25069,0.85636,0.0038022,0.0012674,0.0038022,0.0012674,0.0038022,0.0012674,0.0038022,0.0012674
150,2013.37,0.35354,0.01489,0.03369,0.24974,0.80744,0.99864,1,0.995,0.9156,0.99864,1,0.995,0.995,0.45291,0.01727,0.00743,0.26257,0.84913,0.00378735,0.00126245,0.00378735,0.00126245,0.00378735,0.00126245,0.00378735,0.00126245
151,2027.17,0.33382,0.01881,0.03187,0.23836,0.80701,0.99864,1,0.995,0.9262,0.99864,1,0.995,0.995,0.46386,0.01675,0.00853,0.25384,0.84789,0.0037725,0.0012575,0.0037725,0.0012575,0.0037725,0.0012575,0.0037725,0.0012575
152,2040.48,0.34442,0.01568,0.03049,0.24273,0.81292,0.99862,1,0.995,0.92166,0.99862,1,0.995,0.995,0.44729,0.01938,0.00555,0.25919,0.84809,0.00375765,0.00125255,0.00375765,0.00125255,0.00375765,0.00125255,0.00375765,0.00125255
153,2053.27,0.34775,0.01482,0.0242,0.24525,0.81682,0.99836,1,0.995,0.91653,0.99836,1,0.995,0.995,0.45082,0.01924,0.00248,0.24557,0.84546,0.0037428,0.0012476,0.0037428,0.0012476,0.0037428,0.0012476,0.0037428,0.0012476
154,2067.09,0.36056,0.01677,0.03146,0.25221,0.82251,0.99852,1,0.995,0.92146,0.99852,1,0.995,0.995,0.44485,0.01957,0.00225,0.25169,0.84655,0.00372795,0.00124265,0.00372795,0.00124265,0.00372795,0.00124265,0.00372795,0.00124265
155,2080.39,0.36758,0.0153,0.02751,0.25267,0.81935,0.9988,1,0.995,0.92092,0.9988,1,0.995,0.995,0.44534,0.01841,0.00275,0.25821,0.84559,0.0037131,0.0012377,0.0037131,0.0012377,0.0037131,0.0012377,0.0037131,0.0012377
156,2092.92,0.34655,0.01542,0.02392,0.24582,0.81374,0.99881,1,0.995,0.92412,0.99881,1,0.995,0.995,0.45668,0.01862,0.00168,0.24836,0.84986,0.00369825,0.00123275,0.00369825,0.00123275,0.00369825,0.00123275,0.00369825,0.00123275
157,2105.8,0.3372,0.01405,0.02857,0.24814,0.81625,0.99885,1,0.995,0.91869,0.99885,1,0.995,0.995,0.45385,0.01801,0.00363,0.25056,0.84848,0.0036834,0.0012278,0.0036834,0.0012278,0.0036834,0.0012278,0.0036834,0.0012278
158,2118.83,0.3463,0.01289,0.02147,0.24692,0.81703,0.99889,1,0.995,0.91206,0.99889,1,0.995,0.995,0.44275,0.01673,0.00712,0.25263,0.84808,0.00366855,0.00122285,0.00366855,0.00122285,0.00366855,0.00122285,0.00366855,0.00122285
159,2131.7,0.34818,0.01462,0.02797,0.23945,0.81232,0.9989,1,0.995,0.93277,0.9989,1,0.995,0.995,0.44973,0.01586,0.01286,0.2485,0.84888,0.0036537,0.0012179,0.0036537,0.0012179,0.0036537,0.0012179,0.0036537,0.0012179
160,2144.8,0.33575,0.01373,0.01783,0.24233,0.81881,0.99851,1,0.995,0.92552,0.99851,1,0.995,0.995,0.443,0.01711,0.01903,0.23659,0.85213,0.00363885,0.00121295,0.00363885,0.00121295,0.00363885,0.00121295,0.00363885,0.00121295
161,2157.73,0.33571,0.01584,0.02468,0.23698,0.81802,0.99862,1,0.995,0.91482,0.99862,1,0.995,0.995,0.45943,0.01722,0.00559,0.24445,0.85787,0.003624,0.001208,0.003624,0.001208,0.003624,0.001208,0.003624,0.001208
162,2170.59,0.33621,0.01715,0.01814,0.23711,0.8141,0.99865,1,0.995,0.91882,0.99865,1,0.995,0.995,0.45427,0.01803,0.00141,0.22801,0.85775,0.00360915,0.00120305,0.00360915,0.00120305,0.00360915,0.00120305,0.00360915,0.00120305
163,2183.46,0.32745,0.01641,0.02772,0.23573,0.80548,0.99867,1,0.995,0.92283,0.99867,1,0.995,0.995,0.45003,0.01504,0.00077,0.2388,0.85408,0.0035943,0.0011981,0.0035943,0.0011981,0.0035943,0.0011981,0.0035943,0.0011981
164,2196.4,0.33624,0.01802,0.03051,0.23796,0.80456,0.9987,1,0.995,0.92082,0.9987,1,0.995,0.995,0.45,0.01482,0.0012,0.24701,0.85443,0.00357945,0.00119315,0.00357945,0.00119315,0.00357945,0.00119315,0.00357945,0.00119315
165,2209.27,0.33906,0.02146,0.02926,0.23873,0.8121,0.99873,1,0.995,0.93246,0.99873,1,0.995,0.995,0.43977,0.01465,0.00314,0.2491,0.85173,0.0035646,0.0011882,0.0035646,0.0011882,0.0035646,0.0011882,0.0035646,0.0011882
166,2222.33,0.33613,0.02341,0.03362,0.23659,0.80321,0.9987,1,0.995,0.92003,0.9987,1,0.995,0.995,0.45126,0.0162,0.00189,0.24789,0.85385,0.00354975,0.00118325,0.00354975,0.00118325,0.00354975,0.00118325,0.00354975,0.00118325
167,2235.48,0.33023,0.01636,0.03472,0.23306,0.81803,0.99864,1,0.995,0.91939,0.99864,1,0.995,0.995,0.4609,0.01812,0.00145,0.24494,0.85456,0.0035349,0.0011783,0.0035349,0.0011783,0.0035349,0.0011783,0.0035349,0.0011783
168,2248.69,0.33914,0.01288,0.01957,0.23621,0.82143,0.99856,1,0.995,0.91608,0.99856,1,0.995,0.995,0.45561,0.02107,0.00151,0.24952,0.84932,0.00352005,0.00117335,0.00352005,0.00117335,0.00352005,0.00117335,0.00352005,0.00117335
169,2262.48,0.33941,0.01572,0.02555,0.24121,0.81424,0.99853,1,0.995,0.91652,0.99853,1,0.995,0.99411,0.4451,0.0222,0.00115,0.23235,0.85132,0.0035052,0.0011684,0.0035052,0.0011684,0.0035052,0.0011684,0.0035052,0.0011684
170,2276.18,0.32452,0.0167,0.03523,0.23622,0.81316,0.99824,1,0.995,0.92173,0.99824,1,0.995,0.995,0.45285,0.01764,0.00151,0.24446,0.84947,0.00349035,0.00116345,0.00349035,0.00116345,0.00349035,0.00116345,0.00349035,0.00116345
171,2289.11,0.32233,0.01414,0.0213,0.235,0.8137,0.99865,1,0.995,0.92469,0.99865,1,0.995,0.995,0.44492,0.01733,0.00329,0.23578,0.84936,0.0034755,0.0011585,0.0034755,0.0011585,0.0034755,0.0011585,0.0034755,0.0011585
172,2302.27,0.31801,0.01872,0.03293,0.23292,0.80521,0.99863,1,0.995,0.92323,0.99863,1,0.995,0.995,0.44953,0.01935,0.00626,0.23767,0.85463,0.00346065,0.00115355,0.00346065,0.00115355,0.00346065,0.00115355,0.00346065,0.00115355
173,2315.28,0.33679,0.01619,0.0248,0.24048,0.80354,0.99846,1,0.995,0.93115,0.99846,1,0.995,0.995,0.44636,0.02234,0.00802,0.25271,0.85969,0.0034458,0.0011486,0.0034458,0.0011486,0.0034458,0.0011486,0.0034458,0.0011486
174,2328.3,0.33274,0.01366,0.02895,0.23708,0.81308,0.99848,1,0.995,0.92089,0.99848,1,0.995,0.995,0.45973,0.02239,0.00686,0.23886,0.85913,0.00343095,0.00114365,0.00343095,0.00114365,0.00343095,0.00114365,0.00343095,0.00114365
175,2341.31,0.31284,0.01225,0.0212,0.23144,0.80612,0.99854,1,0.995,0.92196,0.99854,1,0.995,0.995,0.46761,0.02141,0.00705,0.23144,0.8581,0.0034161,0.0011387,0.0034161,0.0011387,0.0034161,0.0011387,0.0034161,0.0011387
176,2354.38,0.32408,0.01474,0.01857,0.23026,0.81049,0.99851,1,0.995,0.91636,0.99851,1,0.995,0.995,0.45051,0.01932,0.00812,0.24351,0.85309,0.00340125,0.00113375,0.00340125,0.00113375,0.00340125,0.00113375,0.00340125,0.00113375
177,2367.76,0.33531,0.01433,0.02458,0.23455,0.81753,0.99848,1,0.995,0.91195,0.99848,1,0.995,0.995,0.44981,0.02065,0.00909,0.24108,0.8557,0.0033864,0.0011288,0.0033864,0.0011288,0.0033864,0.0011288,0.0033864,0.0011288
178,2380.52,0.32655,0.01678,0.03,0.2337,0.80697,0.99859,1,0.995,0.91764,0.99859,1,0.995,0.995,0.46562,0.01936,0.00803,0.244,0.85547,0.00337155,0.00112385,0.00337155,0.00112385,0.00337155,0.00112385,0.00337155,0.00112385
179,2393.47,0.33877,0.01336,0.01973,0.24107,0.8165,0.99856,1,0.995,0.9351,0.99856,1,0.995,0.995,0.44542,0.01805,0.00401,0.2329,0.85079,0.0033567,0.0011189,0.0033567,0.0011189,0.0033567,0.0011189,0.0033567,0.0011189
180,2407.34,0.32406,0.01191,0.02234,0.23195,0.80348,0.99814,1,0.995,0.93298,0.99814,1,0.995,0.995,0.44878,0.01975,0.00174,0.24851,0.85083,0.00334185,0.00111395,0.00334185,0.00111395,0.00334185,0.00111395,0.00334185,0.00111395
181,2420.9,0.32185,0.01309,0.02213,0.23686,0.81169,0.9981,1,0.995,0.9178,0.9981,1,0.995,0.995,0.45747,0.02234,0.00094,0.24334,0.85178,0.003327,0.001109,0.003327,0.001109,0.003327,0.001109,0.003327,0.001109
182,2433.84,0.32759,0.01808,0.02623,0.22921,0.81792,0.99863,1,0.995,0.92309,0.99863,1,0.995,0.995,0.46059,0.02132,0.00121,0.24691,0.85337,0.00331215,0.00110405,0.00331215,0.00110405,0.00331215,0.00110405,0.00331215,0.00110405
183,2447.49,0.33818,0.01301,0.02353,0.23152,0.81064,0.99862,1,0.995,0.92757,0.99862,1,0.995,0.995,0.4471,0.02433,0.00141,0.23926,0.85425,0.0032973,0.0010991,0.0032973,0.0010991,0.0032973,0.0010991,0.0032973,0.0010991
184,2460.98,0.31542,0.01744,0.02668,0.22358,0.81011,0.99865,1,0.995,0.92513,0.99865,1,0.995,0.995,0.44375,0.02055,0.00087,0.23804,0.85458,0.00328245,0.00109415,0.00328245,0.00109415,0.00328245,0.00109415,0.00328245,0.00109415
185,2474.33,0.34181,0.01487,0.01975,0.23696,0.82454,0.99871,1,0.995,0.92615,0.99871,1,0.995,0.995,0.46011,0.01823,0.00061,0.2445,0.85811,0.0032676,0.0010892,0.0032676,0.0010892,0.0032676,0.0010892,0.0032676,0.0010892
186,2487.71,0.32322,0.01347,0.0327,0.23938,0.81103,0.9987,1,0.995,0.91721,0.9987,1,0.995,0.995,0.44792,0.01895,0.00042,0.23901,0.85816,0.00325275,0.00108425,0.00325275,0.00108425,0.00325275,0.00108425,0.00325275,0.00108425
187,2501.36,0.31972,0.01415,0.01702,0.23081,0.80505,0.99869,1,0.995,0.92572,0.99869,1,0.995,0.995,0.44954,0.02101,0.0005,0.23012,0.85605,0.0032379,0.0010793,0.0032379,0.0010793,0.0032379,0.0010793,0.0032379,0.0010793
188,2514.89,0.3132,0.01595,0.02548,0.22803,0.8177,0.99877,1,0.995,0.923,0.99877,1,0.995,0.995,0.44633,0.01879,0.00061,0.22415,0.85536,0.00322305,0.00107435,0.00322305,0.00107435,0.00322305,0.00107435,0.00322305,0.00107435
189,2527.8,0.32759,0.01738,0.01856,0.23785,0.81568,0.99872,1,0.995,0.93371,0.99872,1,0.995,0.995,0.4355,0.01784,0.00067,0.23156,0.85456,0.0032082,0.0010694,0.0032082,0.0010694,0.0032082,0.0010694,0.0032082,0.0010694
190,2540.82,0.3329,0.01556,0.03517,0.23974,0.81091,0.99871,1,0.995,0.92409,0.99871,1,0.995,0.995,0.45527,0.01738,0.0006,0.23202,0.85385,0.00319335,0.00106445,0.00319335,0.00106445,0.00319335,0.00106445,0.00319335,0.00106445
191,2553.93,0.33762,0.01171,0.02232,0.23208,0.81071,0.99858,1,0.995,0.93076,0.99858,1,0.995,0.995,0.45417,0.01729,0.00067,0.23268,0.85673,0.0031785,0.0010595,0.0031785,0.0010595,0.0031785,0.0010595,0.0031785,0.0010595
192,2566.96,0.3282,0.0133,0.02341,0.23945,0.81774,0.99803,1,0.995,0.93058,0.99803,1,0.995,0.995,0.45793,0.01665,0.00087,0.2433,0.85975,0.00316365,0.00105455,0.00316365,0.00105455,0.00316365,0.00105455,0.00316365,0.00105455
193,2580.43,0.31519,0.0122,0.01994,0.23245,0.80645,0.99834,1,0.995,0.9216,0.99834,1,0.995,0.995,0.45215,0.01675,0.00078,0.23353,0.85861,0.0031488,0.0010496,0.0031488,0.0010496,0.0031488,0.0010496,0.0031488,0.0010496
194,2593.59,0.32033,0.01492,0.02309,0.22783,0.80405,0.99866,1,0.995,0.91884,0.99866,1,0.995,0.995,0.45156,0.01785,0.00063,0.23586,0.85878,0.00313395,0.00104465,0.00313395,0.00104465,0.00313395,0.00104465,0.00313395,0.00104465
195,2607.45,0.33702,0.01537,0.02279,0.23921,0.82059,0.99862,1,0.995,0.91343,0.99862,1,0.995,0.995,0.46226,0.0187,0.0008,0.24143,0.85888,0.0031191,0.0010397,0.0031191,0.0010397,0.0031191,0.0010397,0.0031191,0.0010397
196,2620.45,0.32295,0.013,0.02171,0.22467,0.82194,0.99862,1,0.995,0.91927,0.99862,1,0.995,0.995,0.47643,0.01865,0.00083,0.24307,0.85718,0.00310425,0.00103475,0.00310425,0.00103475,0.00310425,0.00103475,0.00310425,0.00103475
197,2633.49,0.30818,0.01666,0.01556,0.21949,0.80438,0.99864,1,0.995,0.92398,0.99864,1,0.995,0.995,0.46107,0.01779,0.00082,0.25333,0.86063,0.0030894,0.0010298,0.0030894,0.0010298,0.0030894,0.0010298,0.0030894,0.0010298
198,2646.31,0.29972,0.01015,0.02632,0.21724,0.80937,0.99867,1,0.995,0.92198,0.99867,1,0.995,0.995,0.46964,0.0197,0.00077,0.24084,0.8576,0.00307455,0.00102485,0.00307455,0.00102485,0.00307455,0.00102485,0.00307455,0.00102485
199,2659.58,0.31837,0.01381,0.01828,0.22526,0.8104,0.99864,1,0.995,0.92928,0.99864,1,0.995,0.995,0.46951,0.01811,0.00079,0.23731,0.85767,0.0030597,0.0010199,0.0030597,0.0010199,0.0030597,0.0010199,0.0030597,0.0010199
200,2672.42,0.3113,0.01261,0.03435,0.22686,0.80179,0.99854,1,0.995,0.93174,0.99854,1,0.995,0.995,0.46644,0.01878,0.00097,0.22988,0.85708,0.00304485,0.00101495,0.00304485,0.00101495,0.00304485,0.00101495,0.00304485,0.00101495
201,2686.06,0.3062,0.01121,0.01638,0.2255,0.81299,0.99839,1,0.995,0.9331,0.99839,1,0.995,0.995,0.46181,0.01832,0.00127,0.2329,0.85682,0.00303,0.00101,0.00303,0.00101,0.00303,0.00101,0.00303,0.00101
202,2699.09,0.31562,0.01166,0.0247,0.22932,0.81049,0.99838,1,0.995,0.92522,0.99838,1,0.995,0.995,0.46204,0.01588,0.00185,0.23935,0.85366,0.00301515,0.00100505,0.00301515,0.00100505,0.00301515,0.00100505,0.00301515,0.00100505
203,2712.23,0.31784,0.01149,0.02368,0.22623,0.80737,0.99812,1,0.995,0.91899,0.99812,1,0.995,0.995,0.44373,0.01684,0.00262,0.22176,0.85139,0.0030003,0.0010001,0.0030003,0.0010001,0.0030003,0.0010001,0.0030003,0.0010001
204,2725.52,0.31724,0.01786,0.02134,0.22659,0.80522,0.99841,1,0.995,0.92535,0.99841,1,0.995,0.995,0.44111,0.01605,0.00258,0.22894,0.85459,0.00298545,0.00099515,0.00298545,0.00099515,0.00298545,0.00099515,0.00298545,0.00099515
205,2739.39,0.33657,0.01342,0.0256,0.23082,0.8214,0.99848,1,0.995,0.92624,0.99848,1,0.995,0.995,0.43431,0.01528,0.00279,0.22736,0.85532,0.0029706,0.0009902,0.0029706,0.0009902,0.0029706,0.0009902,0.0029706,0.0009902
206,2753.03,0.31121,0.01243,0.03131,0.22315,0.803,0.99846,1,0.995,0.92999,0.99846,1,0.995,0.995,0.43754,0.01431,0.00345,0.23244,0.85429,0.00295575,0.00098525,0.00295575,0.00098525,0.00295575,0.00098525,0.00295575,0.00098525
207,2766.03,0.30177,0.01178,0.02213,0.21712,0.80945,0.99806,1,0.995,0.92943,0.99806,1,0.995,0.995,0.44388,0.01145,0.00367,0.23783,0.85446,0.0029409,0.0009803,0.0029409,0.0009803,0.0029409,0.0009803,0.0029409,0.0009803
208,2779.95,0.30548,0.013,0.01803,0.22403,0.80149,0.99718,1,0.995,0.92549,0.99718,1,0.995,0.995,0.45754,0.01284,0.00603,0.23368,0.85103,0.00292605,0.00097535,0.00292605,0.00097535,0.00292605,0.00097535,0.00292605,0.00097535
209,2793.81,0.29153,0.0121,0.02751,0.21505,0.80743,0.99761,1,0.995,0.93118,0.99761,1,0.995,0.995,0.44074,0.01483,0.00727,0.23216,0.84792,0.0029112,0.0009704,0.0029112,0.0009704,0.0029112,0.0009704,0.0029112,0.0009704
210,2806.96,0.29885,0.01196,0.01504,0.21405,0.8112,0.9973,1,0.995,0.93481,0.9973,1,0.995,0.995,0.43803,0.0153,0.00505,0.23243,0.85153,0.00289635,0.00096545,0.00289635,0.00096545,0.00289635,0.00096545,0.00289635,0.00096545
211,2819.64,0.30222,0.01497,0.01873,0.21923,0.80409,0.99725,1,0.995,0.93683,0.99725,1,0.995,0.995,0.43254,0.015,0.00437,0.2258,0.85341,0.0028815,0.0009605,0.0028815,0.0009605,0.0028815,0.0009605,0.0028815,0.0009605
212,2833.05,0.29574,0.01196,0.02598,0.21887,0.80004,0.99695,1,0.995,0.93299,0.99695,1,0.995,0.995,0.44345,0.01386,0.00405,0.23804,0.85501,0.00286665,0.00095555,0.00286665,0.00095555,0.00286665,0.00095555,0.00286665,0.00095555
213,2846.1,0.31191,0.01126,0.0273,0.22445,0.81672,0.9974,1,0.995,0.9309,0.9974,1,0.995,0.995,0.4354,0.01432,0.00343,0.23326,0.8558,0.0028518,0.0009506,0.0028518,0.0009506,0.0028518,0.0009506,0.0028518,0.0009506
214,2859.25,0.3011,0.01041,0.03165,0.21918,0.80624,0.9973,1,0.995,0.92812,0.9973,1,0.995,0.995,0.43978,0.01544,0.00258,0.22554,0.85631,0.00283695,0.00094565,0.00283695,0.00094565,0.00283695,0.00094565,0.00283695,0.00094565
215,2873.1,0.30614,0.01186,0.0171,0.21725,0.80725,0.9978,1,0.995,0.9269,0.9978,1,0.995,0.995,0.42942,0.01369,0.00213,0.22242,0.85541,0.0028221,0.0009407,0.0028221,0.0009407,0.0028221,0.0009407,0.0028221,0.0009407
216,2887.17,0.31297,0.01809,0.0148,0.21872,0.80793,0.99716,1,0.995,0.92839,0.99716,1,0.995,0.995,0.43271,0.01467,0.00132,0.23019,0.85204,0.00280725,0.00093575,0.00280725,0.00093575,0.00280725,0.00093575,0.00280725,0.00093575
217,2900.48,0.29602,0.01395,0.04801,0.21674,0.80917,0.9978,1,0.995,0.93097,0.9978,1,0.995,0.995,0.43296,0.01277,0.00088,0.22361,0.85298,0.0027924,0.0009308,0.0027924,0.0009308,0.0027924,0.0009308,0.0027924,0.0009308
218,2913.53,0.30895,0.01544,0.02145,0.21686,0.81708,0.99813,1,0.995,0.93265,0.99813,1,0.995,0.995,0.43882,0.01339,0.00073,0.23448,0.85366,0.00277755,0.00092585,0.00277755,0.00092585,0.00277755,0.00092585,0.00277755,0.00092585
219,2926.51,0.30463,0.01407,0.02913,0.22119,0.80896,0.99726,1,0.995,0.92576,0.99726,1,0.995,0.995,0.45723,0.0151,0.00074,0.23108,0.85358,0.0027627,0.0009209,0.0027627,0.0009209,0.0027627,0.0009209,0.0027627,0.0009209
220,2939.99,0.29165,0.01246,0.02193,0.21288,0.80426,0.99686,1,0.995,0.93924,0.99686,1,0.995,0.995,0.4466,0.01638,0.00075,0.225,0.8508,0.00274785,0.00091595,0.00274785,0.00091595,0.00274785,0.00091595,0.00274785,0.00091595
221,2953.65,0.30252,0.01098,0.0227,0.21537,0.81344,0.99698,1,0.995,0.92516,0.99698,1,0.995,0.995,0.44104,0.01472,0.0011,0.21926,0.85069,0.002733,0.000911,0.002733,0.000911,0.002733,0.000911,0.002733,0.000911
222,2967.16,0.29276,0.01046,0.0198,0.20834,0.80676,0.997,1,0.995,0.91864,0.997,1,0.995,0.995,0.46165,0.01297,0.00152,0.23259,0.84742,0.00271815,0.00090605,0.00271815,0.00090605,0.00271815,0.00090605,0.00271815,0.00090605
223,2980.95,0.3031,0.01254,0.02467,0.21423,0.81359,0.99805,1,0.995,0.92158,0.99805,1,0.995,0.995,0.45698,0.01297,0.00204,0.22411,0.84717,0.0027033,0.0009011,0.0027033,0.0009011,0.0027033,0.0009011,0.0027033,0.0009011
224,2993.83,0.30332,0.01263,0.02131,0.21589,0.81964,0.99843,1,0.995,0.92935,0.99843,1,0.995,0.995,0.4454,0.01437,0.00255,0.22903,0.84487,0.00268845,0.00089615,0.00268845,0.00089615,0.00268845,0.00089615,0.00268845,0.00089615
225,3007.26,0.29511,0.01409,0.02249,0.21317,0.80396,0.99837,1,0.995,0.9232,0.99837,1,0.995,0.995,0.44481,0.0157,0.0042,0.23032,0.84275,0.0026736,0.0008912,0.0026736,0.0008912,0.0026736,0.0008912,0.0026736,0.0008912
226,3020.66,0.30405,0.01437,0.03405,0.21568,0.81052,0.99799,1,0.995,0.92973,0.99799,1,0.995,0.995,0.44485,0.01633,0.00582,0.2274,0.84469,0.00265875,0.00088625,0.00265875,0.00088625,0.00265875,0.00088625,0.00265875,0.00088625
227,3033.67,0.29688,0.01068,0.0168,0.20942,0.8118,0.99702,1,0.995,0.93382,0.99702,1,0.995,0.995,0.43667,0.01545,0.00649,0.22664,0.84654,0.0026439,0.0008813,0.0026439,0.0008813,0.0026439,0.0008813,0.0026439,0.0008813
228,3046.97,0.2878,0.01386,0.01848,0.20532,0.80671,0.99663,1,0.995,0.93232,0.99663,1,0.995,0.995,0.43038,0.01502,0.00477,0.22562,0.84702,0.00262905,0.00087635,0.00262905,0.00087635,0.00262905,0.00087635,0.00262905,0.00087635
229,3060.25,0.31465,0.01176,0.02125,0.21608,0.82034,0.99803,1,0.995,0.92665,0.99803,1,0.995,0.995,0.42281,0.01543,0.00319,0.22314,0.84733,0.0026142,0.0008714,0.0026142,0.0008714,0.0026142,0.0008714,0.0026142,0.0008714
230,3073.26,0.30569,0.01563,0.02833,0.21654,0.80734,0.99843,1,0.995,0.93357,0.99843,1,0.995,0.995,0.43595,0.01423,0.00232,0.21484,0.8479,0.00259935,0.00086645,0.00259935,0.00086645,0.00259935,0.00086645,0.00259935,0.00086645
231,3086.23,0.29055,0.01052,0.01837,0.21264,0.80811,0.99836,1,0.995,0.92216,0.99836,1,0.995,0.995,0.44214,0.01461,0.00183,0.22029,0.84781,0.0025845,0.0008615,0.0025845,0.0008615,0.0025845,0.0008615,0.0025845,0.0008615
232,3099.2,0.2901,0.01322,0.02241,0.21599,0.81407,0.9981,1,0.995,0.91459,0.9981,1,0.995,0.995,0.45157,0.01603,0.00156,0.22532,0.84965,0.00256965,0.00085655,0.00256965,0.00085655,0.00256965,0.00085655,0.00256965,0.00085655
233,3111.9,0.28828,0.01021,0.01826,0.20852,0.81049,0.99799,1,0.995,0.92662,0.99799,1,0.995,0.995,0.4406,0.01802,0.00136,0.22445,0.84927,0.0025548,0.0008516,0.0025548,0.0008516,0.0025548,0.0008516,0.0025548,0.0008516
234,3124.78,0.28881,0.00988,0.01448,0.21122,0.79989,0.99805,1,0.995,0.92538,0.99805,1,0.995,0.995,0.45196,0.01813,0.0013,0.222,0.84724,0.00253995,0.00084665,0.00253995,0.00084665,0.00253995,0.00084665,0.00253995,0.00084665
235,3137.76,0.28467,0.00987,0.01647,0.20909,0.80297,0.99796,1,0.995,0.93239,0.99796,1,0.995,0.995,0.4522,0.01603,0.00112,0.22617,0.8451,0.0025251,0.0008417,0.0025251,0.0008417,0.0025251,0.0008417,0.0025251,0.0008417
236,3151.45,0.2846,0.01342,0.02217,0.20522,0.8089,0.99793,1,0.995,0.93496,0.99793,1,0.995,0.995,0.45141,0.01441,0.00102,0.22438,0.84719,0.00251025,0.00083675,0.00251025,0.00083675,0.00251025,0.00083675,0.00251025,0.00083675
237,3164.52,0.27887,0.01364,0.02407,0.20756,0.80242,0.99772,1,0.995,0.93109,0.99772,1,0.995,0.995,0.46775,0.01431,0.00103,0.24005,0.84624,0.0024954,0.0008318,0.0024954,0.0008318,0.0024954,0.0008318,0.0024954,0.0008318
238,3177.53,0.29072,0.01085,0.0165,0.212,0.81203,0.99768,1,0.995,0.93617,0.99768,1,0.995,0.995,0.44586,0.01422,0.00102,0.24034,0.845,0.00248055,0.00082685,0.00248055,0.00082685,0.00248055,0.00082685,0.00248055,0.00082685
239,3190.51,0.29187,0.01046,0.02302,0.21035,0.81377,0.99797,1,0.995,0.93084,0.99797,1,0.995,0.995,0.45286,0.01324,0.00116,0.23999,0.84411,0.0024657,0.0008219,0.0024657,0.0008219,0.0024657,0.0008219,0.0024657,0.0008219
240,3203.98,0.28744,0.00894,0.01717,0.2082,0.80682,0.99809,1,0.995,0.9303,0.99809,1,0.995,0.995,0.45508,0.01302,0.00122,0.22685,0.84259,0.00245085,0.00081695,0.00245085,0.00081695,0.00245085,0.00081695,0.00245085,0.00081695
241,3216.92,0.29632,0.01305,0.02213,0.21533,0.79737,0.99821,1,0.995,0.92112,0.99821,1,0.995,0.995,0.4467,0.0121,0.00082,0.22238,0.83911,0.002436,0.000812,0.002436,0.000812,0.002436,0.000812,0.002436,0.000812
242,3230.12,0.29146,0.0118,0.01817,0.2088,0.81383,0.99846,1,0.995,0.92537,0.99846,1,0.995,0.995,0.44679,0.01056,0.00073,0.22902,0.84529,0.00242115,0.00080705,0.00242115,0.00080705,0.00242115,0.00080705,0.00242115,0.00080705
243,3244.15,0.28061,0.01005,0.00821,0.20567,0.79457,0.99836,1,0.995,0.92038,0.99836,1,0.995,0.995,0.44635,0.01059,0.00075,0.23295,0.84674,0.0024063,0.0008021,0.0024063,0.0008021,0.0024063,0.0008021,0.0024063,0.0008021
244,3256.85,0.30002,0.01227,0.02315,0.21264,0.8109,0.99822,1,0.995,0.93236,0.99822,1,0.995,0.995,0.437,0.01032,0.00057,0.22442,0.84059,0.00239145,0.00079715,0.00239145,0.00079715,0.00239145,0.00079715,0.00239145,0.00079715
245,3270.74,0.29302,0.00987,0.02702,0.21569,0.80613,0.99805,1,0.995,0.93117,0.99805,1,0.995,0.995,0.43913,0.00959,0.0004,0.21515,0.84075,0.0023766,0.0007922,0.0023766,0.0007922,0.0023766,0.0007922,0.0023766,0.0007922
246,3284.62,0.27274,0.01186,0.02094,0.19975,0.79907,0.99787,1,0.995,0.92729,0.99787,1,0.995,0.995,0.44591,0.01001,0.00035,0.22606,0.84093,0.00236175,0.00078725,0.00236175,0.00078725,0.00236175,0.00078725,0.00236175,0.00078725
247,3298.49,0.28355,0.01365,0.01726,0.2052,0.80888,0.99717,1,0.995,0.92111,0.99717,1,0.995,0.995,0.44695,0.01156,0.00041,0.22825,0.83979,0.0023469,0.0007823,0.0023469,0.0007823,0.0023469,0.0007823,0.0023469,0.0007823
248,3311.55,0.26887,0.00987,0.01272,0.19605,0.8038,0.99745,1,0.995,0.92871,0.99745,1,0.995,0.995,0.4468,0.0131,0.00052,0.21924,0.84014,0.00233205,0.00077735,0.00233205,0.00077735,0.00233205,0.00077735,0.00233205,0.00077735
249,3324.51,0.27532,0.00918,0.02033,0.19725,0.79614,0.99758,1,0.995,0.92593,0.99758,1,0.995,0.995,0.44878,0.0139,0.00063,0.21701,0.84153,0.0023172,0.0007724,0.0023172,0.0007724,0.0023172,0.0007724,0.0023172,0.0007724
250,3338.36,0.2922,0.0114,0.02585,0.20929,0.80642,0.99777,1,0.995,0.92527,0.99777,1,0.995,0.995,0.446,0.01429,0.00057,0.21563,0.84062,0.00230235,0.00076745,0.00230235,0.00076745,0.00230235,0.00076745,0.00230235,0.00076745
251,3351.45,0.27647,0.01047,0.01039,0.20154,0.81283,0.9965,1,0.995,0.92879,0.9965,1,0.995,0.995,0.45141,0.01488,0.00069,0.21173,0.84365,0.0022875,0.0007625,0.0022875,0.0007625,0.0022875,0.0007625,0.0022875,0.0007625
252,3364.38,0.27415,0.00992,0.01394,0.20172,0.80976,0.99456,1,0.995,0.93395,0.99456,1,0.995,0.995,0.44301,0.01488,0.00068,0.21521,0.84637,0.00227265,0.00075755,0.00227265,0.00075755,0.00227265,0.00075755,0.00227265,0.00075755
253,3377.43,0.27829,0.01006,0.01745,0.19984,0.80486,0.99321,1,0.995,0.93587,0.99321,1,0.995,0.995,0.43003,0.01443,0.0006,0.22511,0.84808,0.0022578,0.0007526,0.0022578,0.0007526,0.0022578,0.0007526,0.0022578,0.0007526
254,3390.43,0.28429,0.01354,0.02225,0.20274,0.80509,0.99327,1,0.995,0.93217,0.99327,1,0.995,0.995,0.42712,0.01362,0.00063,0.22425,0.84856,0.00224295,0.00074765,0.00224295,0.00074765,0.00224295,0.00074765,0.00224295,0.00074765
255,3403.93,0.28814,0.0135,0.02407,0.2063,0.80929,0.994,1,0.995,0.93845,0.994,1,0.995,0.995,0.41746,0.01347,0.00087,0.21766,0.84682,0.0022281,0.0007427,0.0022281,0.0007427,0.0022281,0.0007427,0.0022281,0.0007427
256,3417.76,0.27159,0.00997,0.01181,0.20129,0.79956,0.99488,1,0.995,0.93235,0.99488,1,0.995,0.995,0.40694,0.01534,0.00184,0.20704,0.84304,0.00221325,0.00073775,0.00221325,0.00073775,0.00221325,0.00073775,0.00221325,0.00073775
257,3431.28,0.28219,0.01142,0.02146,0.20136,0.80707,0.99604,1,0.995,0.93997,0.99604,1,0.995,0.995,0.41335,0.01499,0.00217,0.21342,0.84238,0.0021984,0.0007328,0.0021984,0.0007328,0.0021984,0.0007328,0.0021984,0.0007328
258,3444.57,0.27773,0.0107,0.02356,0.20036,0.80521,0.99682,1,0.995,0.93275,0.99682,1,0.995,0.995,0.4231,0.01371,0.00102,0.20881,0.84124,0.00218355,0.00072785,0.00218355,0.00072785,0.00218355,0.00072785,0.00218355,0.00072785
259,3457.49,0.27495,0.00902,0.02068,0.19746,0.80692,0.99712,1,0.995,0.93083,0.99712,1,0.995,0.995,0.42904,0.01407,0.00068,0.21633,0.84463,0.0021687,0.0007229,0.0021687,0.0007229,0.0021687,0.0007229,0.0021687,0.0007229
260,3470.44,0.27933,0.01091,0.01902,0.19521,0.80886,0.99656,1,0.995,0.92474,0.99656,1,0.995,0.995,0.43662,0.01524,0.00084,0.23185,0.84662,0.00215385,0.00071795,0.00215385,0.00071795,0.00215385,0.00071795,0.00215385,0.00071795
261,3483.64,0.27096,0.01309,0.02227,0.19629,0.79802,0.99685,1,0.995,0.93467,0.99685,1,0.995,0.995,0.44258,0.01552,0.00121,0.2331,0.84881,0.002139,0.000713,0.002139,0.000713,0.002139,0.000713,0.002139,0.000713
262,3497.04,0.26582,0.00978,0.01142,0.19517,0.79914,0.99659,1,0.995,0.92723,0.99659,1,0.995,0.995,0.45175,0.01622,0.00157,0.22986,0.85076,0.00212415,0.00070805,0.00212415,0.00070805,0.00212415,0.00070805,0.00212415,0.00070805
263,3510.92,0.27546,0.01412,0.02273,0.2006,0.81052,0.99647,1,0.995,0.92792,0.99647,1,0.995,0.995,0.44482,0.01574,0.00167,0.22636,0.84867,0.0021093,0.0007031,0.0021093,0.0007031,0.0021093,0.0007031,0.0021093,0.0007031
264,3525.04,0.2739,0.01309,0.02074,0.20615,0.79662,0.99625,1,0.995,0.92704,0.99625,1,0.995,0.995,0.4351,0.01614,0.00116,0.215,0.84721,0.00209445,0.00069815,0.00209445,0.00069815,0.00209445,0.00069815,0.00209445,0.00069815
265,3538.54,0.28004,0.01389,0.02347,0.19706,0.79096,0.99597,1,0.995,0.93175,0.99597,1,0.995,0.995,0.43223,0.01475,0.001,0.22031,0.8434,0.0020796,0.0006932,0.0020796,0.0006932,0.0020796,0.0006932,0.0020796,0.0006932
266,3551.27,0.26793,0.01171,0.02192,0.19585,0.79572,0.99567,1,0.995,0.93434,0.99567,1,0.995,0.995,0.43626,0.01437,0.00101,0.22128,0.84134,0.00206475,0.00068825,0.00206475,0.00068825,0.00206475,0.00068825,0.00206475,0.00068825
267,3564.3,0.27466,0.01023,0.01751,0.19661,0.79877,0.99595,1,0.995,0.9271,0.99595,1,0.995,0.995,0.43746,0.0135,0.00081,0.21075,0.8413,0.0020499,0.0006833,0.0020499,0.0006833,0.0020499,0.0006833,0.0020499,0.0006833
268,3577.22,0.27221,0.01052,0.03025,0.19184,0.80453,0.99615,1,0.995,0.92624,0.99615,1,0.995,0.995,0.43292,0.01279,0.00078,0.21466,0.84446,0.00203505,0.00067835,0.00203505,0.00067835,0.00203505,0.00067835,0.00203505,0.00067835
269,3591.02,0.27009,0.00952,0.01823,0.19164,0.80764,0.99556,1,0.995,0.93121,0.99556,1,0.995,0.995,0.45385,0.01399,0.0007,0.22501,0.84772,0.0020202,0.0006734,0.0020202,0.0006734,0.0020202,0.0006734,0.0020202,0.0006734
270,3604.91,0.2702,0.01077,0.01199,0.19591,0.80836,0.99624,1,0.995,0.93267,0.99624,1,0.995,0.995,0.44606,0.01294,0.00072,0.22331,0.8475,0.00200535,0.00066845,0.00200535,0.00066845,0.00200535,0.00066845,0.00200535,0.00066845
271,3617.96,0.26651,0.01042,0.01616,0.19357,0.80051,0.99643,1,0.995,0.93463,0.99643,1,0.995,0.995,0.43863,0.0113,0.00067,0.21599,0.8477,0.0019905,0.0006635,0.0019905,0.0006635,0.0019905,0.0006635,0.0019905,0.0006635
272,3631.03,0.2651,0.01346,0.01826,0.19119,0.79271,0.99606,1,0.995,0.93324,0.99606,1,0.995,0.995,0.44297,0.01276,0.0008,0.22682,0.84987,0.00197565,0.00065855,0.00197565,0.00065855,0.00197565,0.00065855,0.00197565,0.00065855
273,3643.95,0.25662,0.00912,0.01828,0.18653,0.80479,0.99527,1,0.995,0.92654,0.99527,1,0.995,0.995,0.44138,0.01396,0.00117,0.22666,0.85117,0.0019608,0.0006536,0.0019608,0.0006536,0.0019608,0.0006536,0.0019608,0.0006536
274,3656.92,0.26124,0.00886,0.01109,0.19026,0.79299,0.994,1,0.995,0.9248,0.994,1,0.995,0.995,0.44664,0.01305,0.00232,0.22279,0.85328,0.00194595,0.00064865,0.00194595,0.00064865,0.00194595,0.00064865,0.00194595,0.00064865
275,3669.89,0.27645,0.01013,0.02097,0.20046,0.80611,0.9923,1,0.995,0.93188,0.9923,1,0.995,0.995,0.44348,0.01413,0.0029,0.22038,0.85103,0.0019311,0.0006437,0.0019311,0.0006437,0.0019311,0.0006437,0.0019311,0.0006437
276,3682.82,0.26019,0.01236,0.01957,0.19065,0.80229,0.99455,1,0.995,0.92616,0.99455,1,0.995,0.995,0.43724,0.01435,0.00326,0.21933,0.84764,0.00191625,0.00063875,0.00191625,0.00063875,0.00191625,0.00063875,0.00191625,0.00063875
277,3695.51,0.25752,0.00936,0.01484,0.19546,0.79522,0.99545,1,0.995,0.92111,0.99545,1,0.995,0.995,0.43529,0.01461,0.00317,0.22891,0.84591,0.0019014,0.0006338,0.0019014,0.0006338,0.0019014,0.0006338,0.0019014,0.0006338
278,3708.48,0.26447,0.00923,0.01639,0.19442,0.80087,0.9969,1,0.995,0.93034,0.9969,1,0.995,0.995,0.4296,0.01283,0.00274,0.21675,0.84399,0.00188655,0.00062885,0.00188655,0.00062885,0.00188655,0.00062885,0.00188655,0.00062885
279,3721.45,0.26934,0.00956,0.01702,0.197,0.80661,0.99723,1,0.995,0.92705,0.99723,1,0.995,0.995,0.42759,0.01335,0.00193,0.21593,0.84129,0.0018717,0.0006239,0.0018717,0.0006239,0.0018717,0.0006239,0.0018717,0.0006239
280,3734.35,0.26902,0.00922,0.01674,0.19537,0.80046,0.99724,1,0.995,0.92708,0.99724,1,0.995,0.995,0.44414,0.01518,0.00102,0.21674,0.84143,0.00185685,0.00061895,0.00185685,0.00061895,0.00185685,0.00061895,0.00185685,0.00061895
281,3747.34,0.26311,0.00901,0.02211,0.18776,0.80547,0.99761,1,0.995,0.92484,0.99761,1,0.995,0.995,0.43705,0.0155,0.00071,0.21229,0.83972,0.001842,0.000614,0.001842,0.000614,0.001842,0.000614,0.001842,0.000614
282,3761.18,0.26363,0.00981,0.01727,0.19415,0.80005,0.99757,1,0.995,0.92456,0.99757,1,0.995,0.995,0.43938,0.01505,0.00076,0.21255,0.84019,0.00182715,0.00060905,0.00182715,0.00060905,0.00182715,0.00060905,0.00182715,0.00060905
283,3774.26,0.27039,0.01204,0.01875,0.19558,0.80349,0.99662,1,0.995,0.92059,0.99662,1,0.995,0.995,0.45159,0.01202,0.00108,0.20809,0.84266,0.0018123,0.0006041,0.0018123,0.0006041,0.0018123,0.0006041,0.0018123,0.0006041
284,3787.39,0.26248,0.01133,0.01863,0.19071,0.79875,0.99427,1,0.995,0.92837,0.99427,1,0.995,0.995,0.44914,0.01064,0.00128,0.21836,0.84401,0.00179745,0.00059915,0.00179745,0.00059915,0.00179745,0.00059915,0.00179745,0.00059915
285,3800.61,0.25997,0.00975,0.01806,0.19034,0.79869,0.99447,1,0.995,0.92813,0.99447,1,0.995,0.995,0.43813,0.01159,0.00175,0.21257,0.84321,0.0017826,0.0005942,0.0017826,0.0005942,0.0017826,0.0005942,0.0017826,0.0005942
286,3813.57,0.25343,0.01062,0.026,0.18931,0.80739,0.99357,1,0.995,0.93289,0.99357,1,0.995,0.995,0.43047,0.01112,0.00159,0.21176,0.84086,0.00176775,0.00058925,0.00176775,0.00058925,0.00176775,0.00058925,0.00176775,0.00058925
287,3827.59,0.25282,0.00794,0.01489,0.19004,0.7969,0.99583,1,0.995,0.932,0.99583,1,0.995,0.995,0.42698,0.01029,0.00108,0.21117,0.83998,0.0017529,0.0005843,0.0017529,0.0005843,0.0017529,0.0005843,0.0017529,0.0005843
288,3840.35,0.27403,0.00893,0.01143,0.19579,0.80558,0.99655,1,0.995,0.93238,0.99655,1,0.995,0.995,0.4227,0.01,0.00105,0.21518,0.83982,0.00173805,0.00057935,0.00173805,0.00057935,0.00173805,0.00057935,0.00173805,0.00057935
289,3854.21,0.26101,0.00895,0.02352,0.19097,0.80927,0.99654,1,0.995,0.93083,0.99654,1,0.995,0.995,0.41488,0.01029,0.001,0.21098,0.83789,0.0017232,0.0005744,0.0017232,0.0005744,0.0017232,0.0005744,0.0017232,0.0005744
290,3867.17,0.2555,0.00922,0.01531,0.18781,0.80074,0.99569,1,0.995,0.92547,0.99569,1,0.995,0.995,0.42068,0.01074,0.00126,0.21805,0.83806,0.00170835,0.00056945,0.00170835,0.00056945,0.00170835,0.00056945,0.00170835,0.00056945
291,3880.31,0.25952,0.01188,0.01883,0.18859,0.7996,0.9956,1,0.995,0.92424,0.9956,1,0.995,0.995,0.43253,0.01037,0.00239,0.22007,0.83959,0.0016935,0.0005645,0.0016935,0.0005645,0.0016935,0.0005645,0.0016935,0.0005645
292,3893.29,0.25692,0.01117,0.01398,0.18497,0.80207,0.99616,1,0.995,0.93236,0.99616,1,0.995,0.995,0.42843,0.0113,0.00343,0.20712,0.83956,0.00167865,0.00055955,0.00167865,0.00055955,0.00167865,0.00055955,0.00167865,0.00055955
293,3906.32,0.25141,0.01165,0.01577,0.18403,0.80463,0.99722,1,0.995,0.92825,0.99722,1,0.995,0.995,0.42848,0.01188,0.00509,0.22659,0.83701,0.0016638,0.0005546,0.0016638,0.0005546,0.0016638,0.0005546,0.0016638,0.0005546
294,3919.32,0.25568,0.01736,0.01975,0.18665,0.79978,0.99774,1,0.995,0.93648,0.99774,1,0.995,0.995,0.42187,0.01186,0.00547,0.2124,0.83518,0.00164895,0.00054965,0.00164895,0.00054965,0.00164895,0.00054965,0.00164895,0.00054965
295,3932.2,0.26899,0.01208,0.02642,0.19683,0.80986,0.99808,1,0.995,0.93285,0.99808,1,0.995,0.995,0.42494,0.01193,0.00305,0.21218,0.83542,0.0016341,0.0005447,0.0016341,0.0005447,0.0016341,0.0005447,0.0016341,0.0005447
296,3945.21,0.25211,0.0105,0.01318,0.1824,0.80134,0.99818,1,0.995,0.93117,0.99818,1,0.995,0.995,0.41989,0.01194,0.00147,0.22111,0.83706,0.00161925,0.00053975,0.00161925,0.00053975,0.00161925,0.00053975,0.00161925,0.00053975
297,3958.24,0.2475,0.01595,0.02258,0.19423,0.80579,0.99841,1,0.995,0.92733,0.99841,1,0.995,0.995,0.41548,0.01211,0.00098,0.22009,0.83994,0.0016044,0.0005348,0.0016044,0.0005348,0.0016044,0.0005348,0.0016044,0.0005348
298,3971.2,0.25911,0.00908,0.01783,0.18696,0.80315,0.99859,1,0.995,0.93819,0.99859,1,0.995,0.995,0.41866,0.01283,0.00109,0.21138,0.84252,0.00158955,0.00052985,0.00158955,0.00052985,0.00158955,0.00052985,0.00158955,0.00052985
299,3983.85,0.24456,0.00867,0.01335,0.18177,0.79968,0.99868,1,0.995,0.92683,0.99868,1,0.995,0.995,0.42161,0.01206,0.00152,0.20722,0.84302,0.0015747,0.0005249,0.0015747,0.0005249,0.0015747,0.0005249,0.0015747,0.0005249
300,3996.9,0.25391,0.01001,0.02208,0.18255,0.79469,0.99871,1,0.995,0.92927,0.99871,1,0.995,0.995,0.42033,0.01031,0.00202,0.21633,0.84255,0.00155985,0.00051995,0.00155985,0.00051995,0.00155985,0.00051995,0.00155985,0.00051995
301,4010.03,0.25062,0.01099,0.0207,0.18143,0.80468,0.99875,1,0.995,0.9317,0.99875,1,0.995,0.995,0.42543,0.00933,0.00331,0.21428,0.84615,0.001545,0.000515,0.001545,0.000515,0.001545,0.000515,0.001545,0.000515
302,4023.09,0.24483,0.00867,0.01352,0.18236,0.80024,0.99874,1,0.995,0.92715,0.99874,1,0.995,0.995,0.43485,0.00969,0.00518,0.21317,0.84441,0.00153015,0.00051005,0.00153015,0.00051005,0.00153015,0.00051005,0.00153015,0.00051005
303,4036,0.24579,0.00816,0.01537,0.17776,0.79945,0.99869,1,0.995,0.92867,0.99869,1,0.995,0.995,0.4334,0.00973,0.00649,0.21042,0.84564,0.0015153,0.0005051,0.0015153,0.0005051,0.0015153,0.0005051,0.0015153,0.0005051
304,4048.94,0.24384,0.0086,0.01212,0.18118,0.79325,0.99864,1,0.995,0.92637,0.99864,1,0.995,0.995,0.43599,0.01,0.00609,0.21067,0.8459,0.00150045,0.00050015,0.00150045,0.00050015,0.00150045,0.00050015,0.00150045,0.00050015
305,4061.94,0.24593,0.01257,0.02424,0.17758,0.80139,0.99869,1,0.995,0.9231,0.99869,1,0.995,0.995,0.43066,0.00972,0.00549,0.20764,0.84702,0.0014856,0.0004952,0.0014856,0.0004952,0.0014856,0.0004952,0.0014856,0.0004952
306,4074.9,0.24227,0.00999,0.02096,0.17924,0.80434,0.99873,1,0.995,0.92521,0.99873,1,0.995,0.995,0.43403,0.01018,0.00332,0.20802,0.84898,0.00147075,0.00049025,0.00147075,0.00049025,0.00147075,0.00049025,0.00147075,0.00049025
307,4087.88,0.24751,0.00921,0.01245,0.18466,0.79514,0.99875,1,0.995,0.92244,0.99875,1,0.995,0.995,0.43527,0.01023,0.00205,0.20586,0.85215,0.0014559,0.0004853,0.0014559,0.0004853,0.0014559,0.0004853,0.0014559,0.0004853
308,4100.87,0.24884,0.01014,0.01462,0.18401,0.79944,0.99872,1,0.995,0.92137,0.99872,1,0.995,0.995,0.44157,0.00994,0.00152,0.21472,0.85157,0.00144105,0.00048035,0.00144105,0.00048035,0.00144105,0.00048035,0.00144105,0.00048035
309,4114.19,0.25856,0.00893,0.02686,0.18143,0.79892,0.99868,1,0.995,0.9237,0.99868,1,0.995,0.995,0.44501,0.00999,0.00108,0.213,0.84757,0.0014262,0.0004754,0.0014262,0.0004754,0.0014262,0.0004754,0.0014262,0.0004754
310,4127.01,0.24883,0.0108,0.01195,0.1771,0.79345,0.99865,1,0.995,0.91459,0.99865,1,0.995,0.995,0.44047,0.0106,0.00088,0.21779,0.84897,0.00141135,0.00047045,0.00141135,0.00047045,0.00141135,0.00047045,0.00141135,0.00047045
311,4139.97,0.23606,0.00995,0.0168,0.17381,0.79117,0.99866,1,0.995,0.91917,0.99866,1,0.995,0.995,0.43205,0.01119,0.00065,0.21164,0.84883,0.0013965,0.0004655,0.0013965,0.0004655,0.0013965,0.0004655,0.0013965,0.0004655
312,4152.95,0.24837,0.00899,0.0166,0.17683,0.79676,0.99866,1,0.995,0.92792,0.99866,1,0.995,0.995,0.43123,0.01046,0.00047,0.21925,0.84359,0.00138165,0.00046055,0.00138165,0.00046055,0.00138165,0.00046055,0.00138165,0.00046055
313,4165.94,0.24442,0.0113,0.01443,0.17554,0.78926,0.99863,1,0.995,0.9233,0.99863,1,0.995,0.995,0.42548,0.01002,0.00049,0.21881,0.84234,0.0013668,0.0004556,0.0013668,0.0004556,0.0013668,0.0004556,0.0013668,0.0004556
314,4179.05,0.25209,0.00805,0.02265,0.18328,0.79692,0.99861,1,0.995,0.92757,0.99861,1,0.995,0.995,0.42883,0.00969,0.00065,0.2114,0.84264,0.00135195,0.00045065,0.00135195,0.00045065,0.00135195,0.00045065,0.00135195,0.00045065
315,4192.94,0.24066,0.00938,0.01715,0.1799,0.78937,0.99863,1,0.995,0.92426,0.99863,1,0.995,0.995,0.43021,0.01005,0.00117,0.21313,0.84348,0.0013371,0.0004457,0.0013371,0.0004457,0.0013371,0.0004457,0.0013371,0.0004457
316,4205.94,0.24785,0.00907,0.01239,0.17792,0.80079,0.99859,1,0.995,0.92382,0.99859,1,0.995,0.995,0.43439,0.01023,0.002,0.21329,0.84333,0.00132225,0.00044075,0.00132225,0.00044075,0.00132225,0.00044075,0.00132225,0.00044075
317,4218.9,0.23428,0.00835,0.0134,0.1708,0.78961,0.99853,1,0.995,0.92846,0.99853,1,0.995,0.995,0.4332,0.01006,0.0032,0.21665,0.84263,0.0013074,0.0004358,0.0013074,0.0004358,0.0013074,0.0004358,0.0013074,0.0004358
318,4231.93,0.23622,0.00819,0.01361,0.17223,0.78744,0.99866,1,0.995,0.92927,0.99866,1,0.995,0.995,0.42775,0.01042,0.00528,0.21892,0.84304,0.00129255,0.00043085,0.00129255,0.00043085,0.00129255,0.00043085,0.00129255,0.00043085
319,4245.75,0.2382,0.01013,0.01445,0.176,0.80268,0.99867,1,0.995,0.93036,0.99867,1,0.995,0.995,0.43408,0.00984,0.00758,0.22089,0.84518,0.0012777,0.0004259,0.0012777,0.0004259,0.0012777,0.0004259,0.0012777,0.0004259
320,4259.41,0.24188,0.01202,0.01551,0.17876,0.79763,0.9986,1,0.995,0.92173,0.9986,1,0.995,0.995,0.43443,0.00905,0.00807,0.21809,0.84522,0.00126285,0.00042095,0.00126285,0.00042095,0.00126285,0.00042095,0.00126285,0.00042095
321,4272.7,0.23782,0.0119,0.01843,0.17526,0.79585,0.99853,1,0.995,0.93404,0.99853,1,0.995,0.995,0.44033,0.00892,0.00846,0.21454,0.84524,0.001248,0.000416,0.001248,0.000416,0.001248,0.000416,0.001248,0.000416
322,4285.76,0.244,0.00767,0.01731,0.17546,0.79999,0.99856,1,0.995,0.93179,0.99856,1,0.995,0.995,0.43989,0.00849,0.00698,0.21925,0.84435,0.00123315,0.00041105,0.00123315,0.00041105,0.00123315,0.00041105,0.00123315,0.00041105
323,4298.75,0.2402,0.00801,0.01817,0.17583,0.79904,0.9986,1,0.995,0.93149,0.9986,1,0.995,0.995,0.43679,0.00818,0.00638,0.20938,0.84301,0.0012183,0.0004061,0.0012183,0.0004061,0.0012183,0.0004061,0.0012183,0.0004061
324,4312.6,0.23435,0.00821,0.01133,0.16951,0.79471,0.99865,1,0.995,0.92945,0.99865,1,0.995,0.995,0.43916,0.00886,0.00753,0.20807,0.84164,0.00120345,0.00040115,0.00120345,0.00040115,0.00120345,0.00040115,0.00120345,0.00040115
325,4325.68,0.24504,0.00897,0.00976,0.17766,0.80321,0.99863,1,0.995,0.93029,0.99863,1,0.995,0.995,0.43577,0.0092,0.00777,0.21426,0.84722,0.0011886,0.0003962,0.0011886,0.0003962,0.0011886,0.0003962,0.0011886,0.0003962
326,4338.67,0.24068,0.00914,0.01382,0.17624,0.80115,0.99849,1,0.995,0.93111,0.99849,1,0.995,0.995,0.43536,0.009,0.0075,0.20848,0.8486,0.00117375,0.00039125,0.00117375,0.00039125,0.00117375,0.00039125,0.00117375,0.00039125
327,4352.34,0.22793,0.008,0.01518,0.16821,0.79861,0.99819,1,0.995,0.92913,0.99819,1,0.995,0.995,0.42896,0.00927,0.0073,0.20623,0.84871,0.0011589,0.0003863,0.0011589,0.0003863,0.0011589,0.0003863,0.0011589,0.0003863
328,4366.2,0.24242,0.008,0.01296,0.17823,0.7987,0.99808,1,0.995,0.93455,0.99808,1,0.995,0.995,0.4291,0.00938,0.0068,0.20603,0.84697,0.00114405,0.00038135,0.00114405,0.00038135,0.00114405,0.00038135,0.00114405,0.00038135
329,4379.92,0.24081,0.01245,0.01457,0.17427,0.79943,0.99801,1,0.995,0.93032,0.99801,1,0.995,0.995,0.42749,0.00934,0.00646,0.21986,0.84794,0.0011292,0.0003764,0.0011292,0.0003764,0.0011292,0.0003764,0.0011292,0.0003764
330,4393.77,0.23921,0.00919,0.01577,0.17282,0.80162,0.99801,1,0.995,0.92251,0.99801,1,0.995,0.995,0.43454,0.00896,0.00762,0.21355,0.85005,0.00111435,0.00037145,0.00111435,0.00037145,0.00111435,0.00037145,0.00111435,0.00037145
331,4407.15,0.23281,0.01326,0.01556,0.16921,0.7968,0.99816,1,0.995,0.92752,0.99816,1,0.995,0.995,0.42548,0.00902,0.00809,0.21088,0.84636,0.0010995,0.0003665,0.0010995,0.0003665,0.0010995,0.0003665,0.0010995,0.0003665
332,4419.88,0.23665,0.00822,0.01683,0.17017,0.79946,0.9982,1,0.995,0.93093,0.9982,1,0.995,0.995,0.42333,0.00934,0.00877,0.20983,0.84414,0.00108465,0.00036155,0.00108465,0.00036155,0.00108465,0.00036155,0.00108465,0.00036155
333,4432.86,0.2463,0.00793,0.0161,0.17654,0.80504,0.99839,1,0.995,0.92998,0.99839,1,0.995,0.995,0.42014,0.01014,0.00792,0.21218,0.84389,0.0010698,0.0003566,0.0010698,0.0003566,0.0010698,0.0003566,0.0010698,0.0003566
334,4445.76,0.23896,0.00861,0.01554,0.17283,0.80334,0.99842,1,0.995,0.93055,0.99842,1,0.995,0.995,0.42113,0.01045,0.00699,0.21015,0.84492,0.00105495,0.00035165,0.00105495,0.00035165,0.00105495,0.00035165,0.00105495,0.00035165
335,4459.61,0.22721,0.00839,0.00978,0.16565,0.78727,0.99821,1,0.995,0.93516,0.99821,1,0.995,0.995,0.42077,0.01046,0.00549,0.21618,0.84639,0.0010401,0.0003467,0.0010401,0.0003467,0.0010401,0.0003467,0.0010401,0.0003467
336,4472.76,0.23185,0.00741,0.01703,0.16558,0.79461,0.99808,1,0.995,0.92978,0.99808,1,0.995,0.995,0.42359,0.01069,0.00356,0.21525,0.84624,0.00102525,0.00034175,0.00102525,0.00034175,0.00102525,0.00034175,0.00102525,0.00034175
337,4485.78,0.24205,0.01411,0.01568,0.17094,0.79588,0.998,1,0.995,0.92477,0.998,1,0.995,0.995,0.42132,0.01064,0.00206,0.21289,0.84624,0.0010104,0.0003368,0.0010104,0.0003368,0.0010104,0.0003368,0.0010104,0.0003368
338,4498.74,0.22499,0.00877,0.01178,0.16608,0.79864,0.99808,1,0.995,0.92834,0.99808,1,0.995,0.995,0.42817,0.01069,0.00162,0.21564,0.84738,0.00099555,0.00033185,0.00099555,0.00033185,0.00099555,0.00033185,0.00099555,0.00033185
339,4511.75,0.23269,0.01297,0.01524,0.17265,0.79366,0.99784,1,0.995,0.93134,0.99784,1,0.995,0.995,0.42419,0.01022,0.00149,0.21193,0.84875,0.0009807,0.0003269,0.0009807,0.0003269,0.0009807,0.0003269,0.0009807,0.0003269
340,4524.69,0.23473,0.00745,0.01263,0.17384,0.80278,0.998,1,0.995,0.92536,0.998,1,0.995,0.995,0.42423,0.01023,0.0014,0.21525,0.84651,0.00096585,0.00032195,0.00096585,0.00032195,0.00096585,0.00032195,0.00096585,0.00032195
341,4537.68,0.22889,0.01154,0.01691,0.17002,0.8059,0.99799,1,0.995,0.93394,0.99799,1,0.995,0.995,0.42657,0.00982,0.00122,0.20723,0.84694,0.000951,0.000317,0.000951,0.000317,0.000951,0.000317,0.000951,0.000317
342,4551.21,0.21912,0.00722,0.01043,0.16229,0.79257,0.99819,1,0.995,0.93304,0.99819,1,0.995,0.995,0.42485,0.00931,0.00144,0.20936,0.84725,0.00093615,0.00031205,0.00093615,0.00031205,0.00093615,0.00031205,0.00093615,0.00031205
343,4564.52,0.22383,0.0075,0.01487,0.16429,0.79441,0.99829,1,0.995,0.92927,0.99829,1,0.995,0.995,0.42664,0.00869,0.00201,0.21199,0.84722,0.0009213,0.0003071,0.0009213,0.0003071,0.0009213,0.0003071,0.0009213,0.0003071
344,4578.13,0.22908,0.00781,0.01305,0.16506,0.79376,0.99844,1,0.995,0.92699,0.99844,1,0.995,0.995,0.42616,0.00838,0.00257,0.21373,0.84679,0.00090645,0.00030215,0.00090645,0.00030215,0.00090645,0.00030215,0.00090645,0.00030215
345,4591.49,0.23489,0.00689,0.01285,0.17236,0.79309,0.99851,1,0.995,0.92423,0.99851,1,0.995,0.995,0.4298,0.00836,0.00237,0.21107,0.84537,0.0008916,0.0002972,0.0008916,0.0002972,0.0008916,0.0002972,0.0008916,0.0002972
346,4604.54,0.2453,0.0085,0.01146,0.17328,0.79889,0.99856,1,0.995,0.9259,0.99856,1,0.995,0.995,0.42394,0.00849,0.00217,0.20408,0.8453,0.00087675,0.00029225,0.00087675,0.00029225,0.00087675,0.00029225,0.00087675,0.00029225
347,4617.64,0.23892,0.00885,0.01363,0.17234,0.79822,0.9986,1,0.995,0.92781,0.9986,1,0.995,0.995,0.42197,0.00892,0.00211,0.19834,0.84573,0.0008619,0.0002873,0.0008619,0.0002873,0.0008619,0.0002873,0.0008619,0.0002873
348,4630.66,0.23323,0.00734,0.00882,0.16835,0.79496,0.99867,1,0.995,0.9289,0.99867,1,0.995,0.995,0.43008,0.00939,0.00268,0.21219,0.84628,0.00084705,0.00028235,0.00084705,0.00028235,0.00084705,0.00028235,0.00084705,0.00028235
349,4643.66,0.22431,0.00798,0.01408,0.16757,0.79238,0.99869,1,0.995,0.93579,0.99869,1,0.995,0.995,0.43181,0.0096,0.00269,0.21127,0.84656,0.0008322,0.0002774,0.0008322,0.0002774,0.0008322,0.0002774,0.0008322,0.0002774
350,4657.49,0.22602,0.00768,0.0147,0.16474,0.79772,0.9987,1,0.995,0.93393,0.9987,1,0.995,0.995,0.42548,0.00921,0.00279,0.20304,0.84521,0.00081735,0.00027245,0.00081735,0.00027245,0.00081735,0.00027245,0.00081735,0.00027245
351,4670.56,0.22596,0.00791,0.01423,0.16686,0.79324,0.9987,1,0.995,0.93597,0.9987,1,0.995,0.995,0.42153,0.00929,0.00214,0.20483,0.84514,0.0008025,0.0002675,0.0008025,0.0002675,0.0008025,0.0002675,0.0008025,0.0002675
352,4684.33,0.22767,0.00921,0.01762,0.16317,0.79543,0.9987,1,0.995,0.93065,0.9987,1,0.995,0.995,0.41907,0.00996,0.00194,0.20646,0.84541,0.00078765,0.00026255,0.00078765,0.00026255,0.00078765,0.00026255,0.00078765,0.00026255
353,4697.62,0.23642,0.00956,0.01702,0.17228,0.80424,0.9987,1,0.995,0.93828,0.9987,1,0.995,0.995,0.42655,0.00967,0.00191,0.20453,0.84574,0.0007728,0.0002576,0.0007728,0.0002576,0.0007728,0.0002576,0.0007728,0.0002576
354,4710.26,0.22913,0.0071,0.00944,0.1644,0.79523,0.99873,1,0.995,0.93618,0.99873,1,0.995,0.995,0.42357,0.00921,0.00213,0.20897,0.8465,0.00075795,0.00025265,0.00075795,0.00025265,0.00075795,0.00025265,0.00075795,0.00025265
355,4723.32,0.20944,0.00818,0.02563,0.15682,0.79248,0.99871,1,0.995,0.93471,0.99871,1,0.995,0.995,0.42171,0.009,0.00252,0.20635,0.84681,0.0007431,0.0002477,0.0007431,0.0002477,0.0007431,0.0002477,0.0007431,0.0002477
356,4736.04,0.22198,0.00716,0.02079,0.16232,0.78809,0.99869,1,0.995,0.93567,0.99869,1,0.995,0.995,0.42453,0.00943,0.00301,0.20659,0.84767,0.00072825,0.00024275,0.00072825,0.00024275,0.00072825,0.00024275,0.00072825,0.00024275
357,4748.97,0.21925,0.00787,0.00783,0.16371,0.79334,0.99871,1,0.995,0.93234,0.99871,1,0.995,0.995,0.42695,0.01023,0.00359,0.20256,0.84982,0.0007134,0.0002378,0.0007134,0.0002378,0.0007134,0.0002378,0.0007134,0.0002378
